competition_name,name,club_id,year,cup_image_url
dfb-pokal,FC Bayern München,27,2016,https://tmssl.akamaized.net//images/erfolge/fix/27.png?lm=1520606999
fa-cup,Manchester United Football Club,985,2016,https://tmssl.akamaized.net//images/erfolge/fix/29.png?lm=1520606999
sydbank-pokalen,Football Club København,190,2017,https://tmssl.akamaized.net//images/erfolge/fix/95.png?lm=1461847499
supertaca-candido-de-oliveira,Sport Lisboa e Benfica,294,2014,https://tmssl.akamaized.net//images/erfolge/fix/337.png?lm=1520606999
copa-del-rey,Futbol Club Barcelona,131,2016,https://tmssl.akamaized.net//images/erfolge/fix/94.png?lm=1520606999
dfb-pokal,FC Bayern München,27,2013,https://tmssl.akamaized.net//images/erfolge/fix/27.png?lm=1520606999
community-shield,Arsenal Football Club,11,2014,https://tmssl.akamaized.net//images/erfolge/fix/316.png?lm=1520606999
kypello-elladas,Panthessalonikios Athlitikos Omilos Konstantinoupoliton,1091,2017,https://tmssl.akamaized.net//images/erfolge/fix/39.png?lm=1461847499
uefa-champions-league,FC Bayern München,27,2020,https://tmssl.akamaized.net//images/erfolge/fix/4.png?lm=1520606999
fa-cup,Leicester City Football Club,1003,2021,https://tmssl.akamaized.net//images/erfolge/fix/29.png?lm=1520606999
kypello-elladas,Panathinaikos Athlitikos Omilos,265,2022,https://tmssl.akamaized.net//images/erfolge/fix/39.png?lm=1461847499
uefa-super-cup,Real Madrid Club de Fútbol,418,2022,https://tmssl.akamaized.net//images/erfolge/fix/354.png?lm=1520606999
copa-del-rey,Athletic Club Bilbao,621,2024,https://tmssl.akamaized.net//images/erfolge/fix/94.png?lm=1520606999
toto-knvb-beker,Prins Hendrik Ende Desespereert Nimmer Combinatie Zwolle,1269,2014,https://tmssl.akamaized.net//images/erfolge/fix/151.png?lm=1520606999
italy-cup,Juventus Football Club,506,2015,https://tmssl.akamaized.net//images/erfolge/fix/96.png?lm=1520606999
copa-del-rey,Futbol Club Barcelona,131,2017,https://tmssl.akamaized.net//images/erfolge/fix/94.png?lm=1520606999
supercoppa-italiana,Società Sportiva Lazio S.p.A.,398,2017,https://tmssl.akamaized.net//images/erfolge/fix/97.png?lm=1520606999
dfl-supercup,FC Bayern München,27,2018,https://tmssl.akamaized.net//images/erfolge/fix/312.png?lm=1520606999
supercoppa-italiana,Juventus Football Club,506,2021,https://tmssl.akamaized.net//images/erfolge/fix/97.png?lm=1520606999
trophee-des-champions,Paris Saint-Germain Football Club,583,2021,https://tmssl.akamaized.net//images/erfolge/fix/321.png?lm=1704485193
dfl-supercup,FC Bayern München,27,2022,https://tmssl.akamaized.net//images/erfolge/fix/312.png?lm=1520606999
kypello-elladas,Panthessalonikios Athlitikos Omilos Konstantinoupoliton,1091,2018,https://tmssl.akamaized.net//images/erfolge/fix/39.png?lm=1461847499
uefa-super-cup,FC Bayern München,27,2020,https://tmssl.akamaized.net//images/erfolge/fix/354.png?lm=1520606999
supertaca-candido-de-oliveira,Futebol Clube do Porto,720,2020,https://tmssl.akamaized.net//images/erfolge/fix/337.png?lm=1520606999
ukrainian-cup,Futbolniy Klub Dynamo Kyiv,338,2021,https://tmssl.akamaized.net//images/erfolge/fix/171.png?lm=1461847499
russian-super-cup,AO FK Zenit Sankt-Peterburg,964,2024,https://tmssl.akamaized.net//images/erfolge/fix/468.png?lm=1511173816
ukrainian-cup,Futbolniy Klub Dynamo Kyiv,338,2015,https://tmssl.akamaized.net//images/erfolge/fix/171.png?lm=1461847499
ukrainian-super-cup,FC Shakhtar Donetsk,660,2015,https://tmssl.akamaized.net//images/erfolge/fix/173.png?lm=1520606999
community-shield,Arsenal Football Club,11,2020,https://tmssl.akamaized.net//images/erfolge/fix/316.png?lm=1520606999
kypello-elladas,Panathinaikos Athlitikos Omilos,265,2014,https://tmssl.akamaized.net//images/erfolge/fix/39.png?lm=1461847499
dfb-pokal,Eintracht Frankfurt Fußball AG,24,2018,https://tmssl.akamaized.net//images/erfolge/fix/27.png?lm=1520606999
ukrainian-super-cup,Futbolniy Klub Dynamo Kyiv,338,2018,https://tmssl.akamaized.net//images/erfolge/fix/173.png?lm=1520606999
uefa-champions-league,Chelsea Football Club,631,2021,https://tmssl.akamaized.net//images/erfolge/fix/4.png?lm=1520606999
russian-super-cup,AO FK Zenit Sankt-Peterburg,964,2021,https://tmssl.akamaized.net//images/erfolge/fix/468.png?lm=1511173816
russian-super-cup,AO FK Zenit Sankt-Peterburg,964,2022,https://tmssl.akamaized.net//images/erfolge/fix/468.png?lm=1511173816
dfb-pokal,RasenBallsport Leipzig,23826,2023,https://tmssl.akamaized.net//images/erfolge/fix/27.png?lm=1520606999
russian-cup,"Футбольный клуб ""Локомотив"" Москва",932,2015,https://tmssl.akamaized.net//images/erfolge/fix/196.png?lm=1520606999
allianz-cup,Sport Lisboa e Benfica,294,2016,https://tmssl.akamaized.net//images/erfolge/fix/246.png?lm=1520606999
dfl-supercup,FC Bayern München,27,2012,https://tmssl.akamaized.net//images/erfolge/fix/312.png?lm=1520606999
sfa-cup,The Celtic Football Club,371,2019,https://tmssl.akamaized.net//images/erfolge/fix/87.png?lm=1461847499
ukrainian-super-cup,Futbolniy Klub Dynamo Kyiv,338,2019,https://tmssl.akamaized.net//images/erfolge/fix/173.png?lm=1520606999
russian-super-cup,AO FK Zenit Sankt-Peterburg,964,2020,https://tmssl.akamaized.net//images/erfolge/fix/468.png?lm=1511173816
copa-del-rey,Club Atlético de Madrid S.A.D.,13,2013,https://tmssl.akamaized.net//images/erfolge/fix/94.png?lm=1520606999
uefa-champions-league,Real Madrid Club de Fútbol,418,2018,https://tmssl.akamaized.net//images/erfolge/fix/4.png?lm=1520606999
fa-cup,Liverpool Football Club,31,2022,https://tmssl.akamaized.net//images/erfolge/fix/29.png?lm=1520606999
supercoppa-italiana,Football Club Internazionale Milano S.p.A.,46,2023,https://tmssl.akamaized.net//images/erfolge/fix/97.png?lm=1520606999
uefa-conference-league,Olympiakos Syndesmos Filathlon Peiraios,683,2024,https://tmssl.akamaized.net//images/erfolge/fix/856.png?lm=1639997104
russian-cup,AO FK Zenit Sankt-Peterburg,964,2024,https://tmssl.akamaized.net//images/erfolge/fix/196.png?lm=1520606999
trophee-des-champions,Paris Saint-Germain Football Club,583,2025,https://tmssl.akamaized.net//images/erfolge/fix/321.png?lm=1704485193
europa-league,Atalanta Bergamasca Calcio S.p.a.,800,2024,https://tmssl.akamaized.net//images/erfolge/fix/264.png?lm=1520606999
sydbank-pokalen,Esbjerg fB,3426,2013,https://tmssl.akamaized.net//images/erfolge/fix/95.png?lm=1461847499
uefa-super-cup,Futbol Club Barcelona,131,2015,https://tmssl.akamaized.net//images/erfolge/fix/354.png?lm=1520606999
toto-knvb-beker,Feyenoord Rotterdam,234,2016,https://tmssl.akamaized.net//images/erfolge/fix/151.png?lm=1520606999
allianz-cup,Sporting Clube de Portugal,336,2018,https://tmssl.akamaized.net//images/erfolge/fix/246.png?lm=1520606999
sydbank-pokalen,Football Club København,190,2015,https://tmssl.akamaized.net//images/erfolge/fix/95.png?lm=1461847499
dfb-pokal,RasenBallsport Leipzig,23826,2022,https://tmssl.akamaized.net//images/erfolge/fix/27.png?lm=1520606999
supercopa,Real Madrid Club de Fútbol,418,2022,https://tmssl.akamaized.net//images/erfolge/fix/93.png?lm=1520606999
trophee-des-champions,Paris Saint-Germain Football Club,583,2024,https://tmssl.akamaized.net//images/erfolge/fix/321.png?lm=1704485193
fifa-klub-wm,Manchester City Football Club,281,2023,https://tmssl.akamaized.net//images/erfolge/fix/318.png?lm=1731663333
community-shield,Manchester United Football Club,985,2013,https://tmssl.akamaized.net//images/erfolge/fix/316.png?lm=1520606999
trophee-des-champions,Paris Saint-Germain Football Club,583,2016,https://tmssl.akamaized.net//images/erfolge/fix/321.png?lm=1704485193
sfa-cup,The Celtic Football Club,371,2017,https://tmssl.akamaized.net//images/erfolge/fix/87.png?lm=1461847499
fa-cup,Wigan Athletic,1071,2013,https://tmssl.akamaized.net//images/erfolge/fix/29.png?lm=1520606999
copa-del-rey,Real Madrid Club de Fútbol,418,2014,https://tmssl.akamaized.net//images/erfolge/fix/94.png?lm=1520606999
supertaca-candido-de-oliveira,Sport Lisboa e Benfica,294,2016,https://tmssl.akamaized.net//images/erfolge/fix/337.png?lm=1520606999
uefa-champions-league,Real Madrid Club de Fútbol,418,2014,https://tmssl.akamaized.net//images/erfolge/fix/4.png?lm=1520606999
fa-cup,Arsenal Football Club,11,2017,https://tmssl.akamaized.net//images/erfolge/fix/29.png?lm=1520606999
fa-cup,Manchester City Football Club,281,2019,https://tmssl.akamaized.net//images/erfolge/fix/29.png?lm=1520606999
dfl-supercup,Borussia Dortmund,16,2019,https://tmssl.akamaized.net//images/erfolge/fix/312.png?lm=1520606999
dfl-supercup,FC Bayern München,27,2020,https://tmssl.akamaized.net//images/erfolge/fix/312.png?lm=1520606999
italy-cup,Juventus Football Club,506,2021,https://tmssl.akamaized.net//images/erfolge/fix/96.png?lm=1520606999
toto-knvb-beker,AFC Ajax Amsterdam,610,2021,https://tmssl.akamaized.net//images/erfolge/fix/151.png?lm=1520606999
europa-league,Villarreal Club de Fútbol S.A.D.,1050,2021,https://tmssl.akamaized.net//images/erfolge/fix/264.png?lm=1520606999
dfl-supercup,FC Bayern München,27,2021,https://tmssl.akamaized.net//images/erfolge/fix/312.png?lm=1520606999
italy-cup,Football Club Internazionale Milano S.p.A.,46,2022,https://tmssl.akamaized.net//images/erfolge/fix/96.png?lm=1520606999
italy-cup,Football Club Internazionale Milano S.p.A.,46,2023,https://tmssl.akamaized.net//images/erfolge/fix/96.png?lm=1520606999
dfb-pokal,FC Bayern München,27,2019,https://tmssl.akamaized.net//images/erfolge/fix/27.png?lm=1520606999
uefa-champions-league,Real Madrid Club de Fútbol,418,2022,https://tmssl.akamaized.net//images/erfolge/fix/4.png?lm=1520606999
uefa-super-cup,Manchester City Football Club,281,2023,https://tmssl.akamaized.net//images/erfolge/fix/354.png?lm=1520606999
uefa-champions-league,Liverpool Football Club,31,2019,https://tmssl.akamaized.net//images/erfolge/fix/4.png?lm=1520606999
community-shield,Arsenal Football Club,11,2023,https://tmssl.akamaized.net//images/erfolge/fix/316.png?lm=1520606999
efl-cup,Newcastle United Football Club,762,2025,https://tmssl.akamaized.net//images/erfolge/fix/47.png?lm=1520606999
uefa-super-cup,FC Bayern München,27,2013,https://tmssl.akamaized.net//images/erfolge/fix/354.png?lm=1520606999
johan-cruijff-schaal,Eindhovense Voetbalvereniging Philips Sport Vereniging,383,2023,https://tmssl.akamaized.net//images/erfolge/fix/288.png?lm=1511173147
supertaca-candido-de-oliveira,Sporting Clube de Portugal,336,2021,https://tmssl.akamaized.net//images/erfolge/fix/337.png?lm=1520606999
allianz-cup,Sporting Clube de Braga,1075,2024,https://tmssl.akamaized.net//images/erfolge/fix/246.png?lm=1520606999
uefa-super-cup,Real Madrid Club de Fútbol,418,2016,https://tmssl.akamaized.net//images/erfolge/fix/354.png?lm=1520606999
johan-cruijff-schaal,Eindhovense Voetbalvereniging Philips Sport Vereniging,383,2021,https://tmssl.akamaized.net//images/erfolge/fix/288.png?lm=1511173147
supertaca-candido-de-oliveira,Futebol Clube do Porto,720,2012,https://tmssl.akamaized.net//images/erfolge/fix/337.png?lm=1520606999
allianz-cup,Futebol Clube do Porto,720,2023,https://tmssl.akamaized.net//images/erfolge/fix/246.png?lm=1520606999
uefa-super-cup,Real Madrid Club de Fútbol,418,2014,https://tmssl.akamaized.net//images/erfolge/fix/354.png?lm=1520606999
fifa-klub-wm,FC Bayern München,27,2013,https://tmssl.akamaized.net//images/erfolge/fix/318.png?lm=1731663333
dfb-pokal,Bayer 04 Leverkusen Fußball,15,2024,https://tmssl.akamaized.net//images/erfolge/fix/27.png?lm=1520606999
fifa-klub-wm,Real Madrid Club de Fútbol,418,2014,https://tmssl.akamaized.net//images/erfolge/fix/318.png?lm=1731663333
fifa-klub-wm,Real Madrid Club de Fútbol,418,2018,https://tmssl.akamaized.net//images/erfolge/fix/318.png?lm=1731663333
johan-cruijff-schaal,Eindhovense Voetbalvereniging Philips Sport Vereniging,383,2015,https://tmssl.akamaized.net//images/erfolge/fix/288.png?lm=1511173147
fifa-klub-wm,Chelsea Football Club,631,2022,https://tmssl.akamaized.net//images/erfolge/fix/318.png?lm=1731663333
johan-cruijff-schaal,Eindhovense Voetbalvereniging Philips Sport Vereniging,383,2016,https://tmssl.akamaized.net//images/erfolge/fix/288.png?lm=1511173147
uefa-super-cup,Real Madrid Club de Fútbol,418,2024,https://tmssl.akamaized.net//images/erfolge/fix/354.png?lm=1520606999
allianz-cup,Sport Lisboa e Benfica,294,2015,https://tmssl.akamaized.net//images/erfolge/fix/246.png?lm=1520606999
europa-league,Chelsea Football Club,631,2013,https://tmssl.akamaized.net//images/erfolge/fix/264.png?lm=1520606999
kypello-elladas,Olympiakos Syndesmos Filathlon Peiraios,683,2013,https://tmssl.akamaized.net//images/erfolge/fix/39.png?lm=1461847499
europa-league,Club Atlético de Madrid S.A.D.,13,2018,https://tmssl.akamaized.net//images/erfolge/fix/264.png?lm=1520606999
italy-cup,Società Sportiva Lazio S.p.A.,398,2019,https://tmssl.akamaized.net//images/erfolge/fix/96.png?lm=1520606999
russian-super-cup,"Футбольный клуб ""Локомотив"" Москва",932,2019,https://tmssl.akamaized.net//images/erfolge/fix/468.png?lm=1511173816
community-shield,Manchester City Football Club,281,2019,https://tmssl.akamaized.net//images/erfolge/fix/316.png?lm=1520606999
community-shield,Liverpool Football Club,31,2022,https://tmssl.akamaized.net//images/erfolge/fix/316.png?lm=1520606999
russian-cup,PFK CSKA Moskva,2410,2023,https://tmssl.akamaized.net//images/erfolge/fix/196.png?lm=1520606999
russian-super-cup,AO FK Zenit Sankt-Peterburg,964,2023,https://tmssl.akamaized.net//images/erfolge/fix/468.png?lm=1511173816
russian-cup,FK Rostov,1083,2014,https://tmssl.akamaized.net//images/erfolge/fix/196.png?lm=1520606999
trophee-des-champions,Paris Saint-Germain Football Club,583,2014,https://tmssl.akamaized.net//images/erfolge/fix/321.png?lm=1704485193
dfl-supercup,Verein für Leibesübungen Wolfsburg,82,2015,https://tmssl.akamaized.net//images/erfolge/fix/312.png?lm=1520606999
ukrainian-cup,FC Shakhtar Donetsk,660,2016,https://tmssl.akamaized.net//images/erfolge/fix/171.png?lm=1461847499
dfb-pokal,Borussia Dortmund,16,2017,https://tmssl.akamaized.net//images/erfolge/fix/27.png?lm=1520606999
russian-super-cup,FK Spartak Moskva,232,2017,https://tmssl.akamaized.net//images/erfolge/fix/468.png?lm=1511173816
supertaca-candido-de-oliveira,Sport Lisboa e Benfica,294,2023,https://tmssl.akamaized.net//images/erfolge/fix/337.png?lm=1520606999
uefa-champions-league,Real Madrid Club de Fútbol,418,2017,https://tmssl.akamaized.net//images/erfolge/fix/4.png?lm=1520606999
supercopa,Real Madrid Club de Fútbol,418,2024,https://tmssl.akamaized.net//images/erfolge/fix/93.png?lm=1520606999
ukrainian-super-cup,FC Shakhtar Donetsk,660,2013,https://tmssl.akamaized.net//images/erfolge/fix/173.png?lm=1520606999
italy-cup,Società Sportiva Calcio Napoli,6195,2014,https://tmssl.akamaized.net//images/erfolge/fix/96.png?lm=1520606999
supercoppa-italiana,Juventus Football Club,506,2012,https://tmssl.akamaized.net//images/erfolge/fix/97.png?lm=1520606999
trophee-des-champions,Paris Saint-Germain Football Club,583,2018,https://tmssl.akamaized.net//images/erfolge/fix/321.png?lm=1704485193
sydbank-pokalen,Randers Fodbold Club,5724,2021,https://tmssl.akamaized.net//images/erfolge/fix/95.png?lm=1461847499
uefa-super-cup,Club Atlético de Madrid S.A.D.,13,2018,https://tmssl.akamaized.net//images/erfolge/fix/354.png?lm=1520606999
russian-cup,FK Spartak Moskva,232,2022,https://tmssl.akamaized.net//images/erfolge/fix/196.png?lm=1520606999
supercoppa-italiana,Juventus Football Club,506,2015,https://tmssl.akamaized.net//images/erfolge/fix/97.png?lm=1520606999
copa-del-rey,Real Madrid Club de Fútbol,418,2023,https://tmssl.akamaized.net//images/erfolge/fix/94.png?lm=1520606999
supertaca-candido-de-oliveira,Futebol Clube do Porto,720,2013,https://tmssl.akamaized.net//images/erfolge/fix/337.png?lm=1520606999
trophee-des-champions,Paris Saint-Germain Football Club,583,2017,https://tmssl.akamaized.net//images/erfolge/fix/321.png?lm=1704485193
toto-knvb-beker,Vitesse Arnhem,499,2017,https://tmssl.akamaized.net//images/erfolge/fix/151.png?lm=1520606999
uefa-champions-league,FC Bayern München,27,2013,https://tmssl.akamaized.net//images/erfolge/fix/4.png?lm=1520606999
allianz-cup,Moreirense Futebol Clube,979,2017,https://tmssl.akamaized.net//images/erfolge/fix/246.png?lm=1520606999
uefa-super-cup,Real Madrid Club de Fútbol,418,2017,https://tmssl.akamaized.net//images/erfolge/fix/354.png?lm=1520606999
fa-cup,Arsenal Football Club,11,2020,https://tmssl.akamaized.net//images/erfolge/fix/29.png?lm=1520606999
europa-league,Sevilla Fútbol Club S.A.D.,368,2020,https://tmssl.akamaized.net//images/erfolge/fix/264.png?lm=1520606999
fa-cup,Manchester City Football Club,281,2023,https://tmssl.akamaized.net//images/erfolge/fix/29.png?lm=1520606999
trophee-des-champions,Paris Saint-Germain Football Club,583,2022,https://tmssl.akamaized.net//images/erfolge/fix/321.png?lm=1704485193
supercoppa-italiana,Football Club Internazionale Milano S.p.A.,46,2024,https://tmssl.akamaized.net//images/erfolge/fix/97.png?lm=1520606999
fa-cup,Manchester United Football Club,985,2024,https://tmssl.akamaized.net//images/erfolge/fix/29.png?lm=1520606999
johan-cruijff-schaal,Prins Hendrik Ende Desespereert Nimmer Combinatie Zwolle,1269,2014,https://tmssl.akamaized.net//images/erfolge/fix/288.png?lm=1511173147
fifa-klub-wm,FC Bayern München,27,2021,https://tmssl.akamaized.net//images/erfolge/fix/318.png?lm=1731663333
russian-super-cup,AO FK Zenit Sankt-Peterburg,964,2015,https://tmssl.akamaized.net//images/erfolge/fix/468.png?lm=1511173816
supercoppa-italiana,Associazione Calcio Milan,5,2016,https://tmssl.akamaized.net//images/erfolge/fix/97.png?lm=1520606999
johan-cruijff-schaal,Feyenoord Rotterdam,234,2017,https://tmssl.akamaized.net//images/erfolge/fix/288.png?lm=1511173147
sydbank-pokalen,Aalborg Boldspilklub,1053,2014,https://tmssl.akamaized.net//images/erfolge/fix/95.png?lm=1461847499
uefa-champions-league,Real Madrid Club de Fútbol,418,2016,https://tmssl.akamaized.net//images/erfolge/fix/4.png?lm=1520606999
supertaca-candido-de-oliveira,Futebol Clube do Porto,720,2018,https://tmssl.akamaized.net//images/erfolge/fix/337.png?lm=1520606999
sfa-cup,The Celtic Football Club,371,2020,https://tmssl.akamaized.net//images/erfolge/fix/87.png?lm=1461847499
russian-cup,AO FK Zenit Sankt-Peterburg,964,2020,https://tmssl.akamaized.net//images/erfolge/fix/196.png?lm=1520606999
europa-league,Chelsea Football Club,631,2019,https://tmssl.akamaized.net//images/erfolge/fix/264.png?lm=1520606999
supertaca-candido-de-oliveira,Futebol Clube do Porto,720,2022,https://tmssl.akamaized.net//images/erfolge/fix/337.png?lm=1520606999
community-shield,Manchester City Football Club,281,2024,https://tmssl.akamaized.net//images/erfolge/fix/316.png?lm=1520606999
ukrainian-cup,Futbolniy Klub Dynamo Kyiv,338,2014,https://tmssl.akamaized.net//images/erfolge/fix/171.png?lm=1461847499
italy-cup,Juventus Football Club,506,2016,https://tmssl.akamaized.net//images/erfolge/fix/96.png?lm=1520606999
europa-league,Manchester United Football Club,985,2017,https://tmssl.akamaized.net//images/erfolge/fix/264.png?lm=1520606999
sydbank-pokalen,Football Club København,190,2016,https://tmssl.akamaized.net//images/erfolge/fix/95.png?lm=1461847499
europa-league,Sevilla Fútbol Club S.A.D.,368,2015,https://tmssl.akamaized.net//images/erfolge/fix/264.png?lm=1520606999
community-shield,Arsenal Football Club,11,2017,https://tmssl.akamaized.net//images/erfolge/fix/316.png?lm=1520606999
russian-cup,PFK CSKA Moskva,2410,2013,https://tmssl.akamaized.net//images/erfolge/fix/196.png?lm=1520606999
sfa-cup,The Celtic Football Club,371,2013,https://tmssl.akamaized.net//images/erfolge/fix/87.png?lm=1461847499
ukrainian-cup,FC Shakhtar Donetsk,660,2018,https://tmssl.akamaized.net//images/erfolge/fix/171.png?lm=1461847499
russian-super-cup,PFK CSKA Moskva,2410,2018,https://tmssl.akamaized.net//images/erfolge/fix/468.png?lm=1511173816
supercoppa-italiana,Juventus Football Club,506,2019,https://tmssl.akamaized.net//images/erfolge/fix/97.png?lm=1520606999
copa-del-rey,Futbol Club Barcelona,131,2021,https://tmssl.akamaized.net//images/erfolge/fix/94.png?lm=1520606999
europa-league,Eintracht Frankfurt Fußball AG,24,2022,https://tmssl.akamaized.net//images/erfolge/fix/264.png?lm=1520606999
sydbank-pokalen,Brøndby Idrætsforening,206,2018,https://tmssl.akamaized.net//images/erfolge/fix/95.png?lm=1461847499
supertaca-candido-de-oliveira,Sport Lisboa e Benfica,294,2019,https://tmssl.akamaized.net//images/erfolge/fix/337.png?lm=1520606999
supercopa,Futbol Club Barcelona,131,2023,https://tmssl.akamaized.net//images/erfolge/fix/93.png?lm=1520606999
trophee-des-champions,Paris Saint-Germain Football Club,583,2013,https://tmssl.akamaized.net//images/erfolge/fix/321.png?lm=1704485193
dfb-pokal,FC Bayern München,27,2014,https://tmssl.akamaized.net//images/erfolge/fix/27.png?lm=1520606999
ukrainian-super-cup,FC Shakhtar Donetsk,660,2014,https://tmssl.akamaized.net//images/erfolge/fix/173.png?lm=1520606999
dfl-supercup,Borussia Dortmund,16,2014,https://tmssl.akamaized.net//images/erfolge/fix/312.png?lm=1520606999
supercoppa-italiana,Società Sportiva Calcio Napoli,6195,2014,https://tmssl.akamaized.net//images/erfolge/fix/97.png?lm=1520606999
kypello-elladas,Olympiakos Syndesmos Filathlon Peiraios,683,2015,https://tmssl.akamaized.net//images/erfolge/fix/39.png?lm=1461847499
uefa-champions-league,Futbol Club Barcelona,131,2015,https://tmssl.akamaized.net//images/erfolge/fix/4.png?lm=1520606999
russian-cup,AO FK Zenit Sankt-Peterburg,964,2016,https://tmssl.akamaized.net//images/erfolge/fix/196.png?lm=1520606999
ukrainian-cup,FC Shakhtar Donetsk,660,2017,https://tmssl.akamaized.net//images/erfolge/fix/171.png?lm=1461847499
fa-cup,Arsenal Football Club,11,2014,https://tmssl.akamaized.net//images/erfolge/fix/29.png?lm=1520606999
community-shield,Arsenal Football Club,11,2015,https://tmssl.akamaized.net//images/erfolge/fix/316.png?lm=1520606999
sydbank-pokalen,Fodbold Club Midtjylland,865,2019,https://tmssl.akamaized.net//images/erfolge/fix/95.png?lm=1461847499
sfa-cup,Saint Johnstone Football Club,2578,2021,https://tmssl.akamaized.net//images/erfolge/fix/87.png?lm=1461847499
ukrainian-super-cup,FC Shakhtar Donetsk,660,2021,https://tmssl.akamaized.net//images/erfolge/fix/173.png?lm=1520606999
supertaca-candido-de-oliveira,Sporting Clube de Portugal,336,2015,https://tmssl.akamaized.net//images/erfolge/fix/337.png?lm=1520606999
copa-del-rey,Real Sociedad de Fútbol S.A.D.,681,2021,https://tmssl.akamaized.net//images/erfolge/fix/94.png?lm=1520606999
supercoppa-italiana,Associazione Calcio Milan,5,2025,https://tmssl.akamaized.net//images/erfolge/fix/97.png?lm=1520606999
russian-super-cup,PFK CSKA Moskva,2410,2013,https://tmssl.akamaized.net//images/erfolge/fix/468.png?lm=1511173816
allianz-cup,Sport Lisboa e Benfica,294,2014,https://tmssl.akamaized.net//images/erfolge/fix/246.png?lm=1520606999
dfb-pokal,Verein für Leibesübungen Wolfsburg,82,2015,https://tmssl.akamaized.net//images/erfolge/fix/27.png?lm=1520606999
sfa-cup,Inverness Caledonian Thistle FC,2451,2015,https://tmssl.akamaized.net//images/erfolge/fix/87.png?lm=1461847499
europa-league,Sevilla Fútbol Club S.A.D.,368,2023,https://tmssl.akamaized.net//images/erfolge/fix/264.png?lm=1520606999
supercopa,Futbol Club Barcelona,131,2025,https://tmssl.akamaized.net//images/erfolge/fix/93.png?lm=1520606999
europa-league,Sevilla Fútbol Club S.A.D.,368,2014,https://tmssl.akamaized.net//images/erfolge/fix/264.png?lm=1520606999
italy-cup,Juventus Football Club,506,2017,https://tmssl.akamaized.net//images/erfolge/fix/96.png?lm=1520606999
community-shield,Manchester City Football Club,281,2012,https://tmssl.akamaized.net//images/erfolge/fix/316.png?lm=1520606999
russian-super-cup,FC Rubin Kazan,2698,2012,https://tmssl.akamaized.net//images/erfolge/fix/468.png?lm=1511173816
community-shield,Manchester City Football Club,281,2018,https://tmssl.akamaized.net//images/erfolge/fix/316.png?lm=1520606999
trophee-des-champions,Paris Saint-Germain Football Club,583,2019,https://tmssl.akamaized.net//images/erfolge/fix/321.png?lm=1704485193
supercoppa-italiana,Società Sportiva Lazio S.p.A.,398,2019,https://tmssl.akamaized.net//images/erfolge/fix/97.png?lm=1520606999
italy-cup,Società Sportiva Calcio Napoli,6195,2020,https://tmssl.akamaized.net//images/erfolge/fix/96.png?lm=1520606999
supercopa,Athletic Club Bilbao,621,2021,https://tmssl.akamaized.net//images/erfolge/fix/93.png?lm=1520606999
allianz-cup,Sporting Clube de Portugal,336,2019,https://tmssl.akamaized.net//images/erfolge/fix/246.png?lm=1520606999
toto-knvb-beker,Feyenoord Rotterdam,234,2024,https://tmssl.akamaized.net//images/erfolge/fix/151.png?lm=1520606999
russian-cup,FC Tosno (-2018),40426,2018,https://tmssl.akamaized.net//images/erfolge/fix/196.png?lm=1520606999
johan-cruijff-schaal,AFC Ajax Amsterdam,610,2019,https://tmssl.akamaized.net//images/erfolge/fix/288.png?lm=1511173147
allianz-cup,Sporting Clube de Portugal,336,2021,https://tmssl.akamaized.net//images/erfolge/fix/246.png?lm=1520606999
fifa-klub-wm,Liverpool Football Club,31,2019,https://tmssl.akamaized.net//images/erfolge/fix/318.png?lm=1731663333
allianz-cup,Sporting Clube de Braga,1075,2013,https://tmssl.akamaized.net//images/erfolge/fix/246.png?lm=1520606999
uefa-super-cup,Chelsea Football Club,631,2021,https://tmssl.akamaized.net//images/erfolge/fix/354.png?lm=1520606999
sfa-cup,Rangers Football Club,124,2022,https://tmssl.akamaized.net//images/erfolge/fix/87.png?lm=1461847499
uefa-champions-league,Manchester City Football Club,281,2023,https://tmssl.akamaized.net//images/erfolge/fix/4.png?lm=1520606999
italy-cup,Juventus Football Club,506,2024,https://tmssl.akamaized.net//images/erfolge/fix/96.png?lm=1520606999
johan-cruijff-schaal,AFC Ajax Amsterdam,610,2013,https://tmssl.akamaized.net//images/erfolge/fix/288.png?lm=1511173147
dfl-supercup,Borussia Dortmund,16,2013,https://tmssl.akamaized.net//images/erfolge/fix/312.png?lm=1520606999
sfa-cup,Saint Johnstone Football Club,2578,2014,https://tmssl.akamaized.net//images/erfolge/fix/87.png?lm=1461847499
copa-del-rey,Futbol Club Barcelona,131,2015,https://tmssl.akamaized.net//images/erfolge/fix/94.png?lm=1520606999
kypello-elladas,Athlitiki Enosi Konstantinoupoleos,2441,2023,https://tmssl.akamaized.net//images/erfolge/fix/39.png?lm=1461847499
uefa-champions-league,Real Madrid Club de Fútbol,418,2024,https://tmssl.akamaized.net//images/erfolge/fix/4.png?lm=1520606999
allianz-cup,Sport Lisboa e Benfica,294,2025,https://tmssl.akamaized.net//images/erfolge/fix/246.png?lm=1520606999
trophee-des-champions,Paris Saint-Germain Football Club,583,2015,https://tmssl.akamaized.net//images/erfolge/fix/321.png?lm=1704485193
ukrainian-super-cup,Futbolniy Klub Dynamo Kyiv,338,2016,https://tmssl.akamaized.net//images/erfolge/fix/173.png?lm=1520606999
russian-super-cup,AO FK Zenit Sankt-Peterburg,964,2016,https://tmssl.akamaized.net//images/erfolge/fix/468.png?lm=1511173816
russian-cup,"Футбольный клуб ""Локомотив"" Москва",932,2017,https://tmssl.akamaized.net//images/erfolge/fix/196.png?lm=1520606999
supertaca-candido-de-oliveira,Sport Lisboa e Benfica,294,2017,https://tmssl.akamaized.net//images/erfolge/fix/337.png?lm=1520606999
ukrainian-super-cup,FC Shakhtar Donetsk,660,2017,https://tmssl.akamaized.net//images/erfolge/fix/173.png?lm=1520606999
uefa-super-cup,Club Atlético de Madrid S.A.D.,13,2012,https://tmssl.akamaized.net//images/erfolge/fix/354.png?lm=1520606999
ukrainian-super-cup,FC Shakhtar Donetsk,660,2012,https://tmssl.akamaized.net//images/erfolge/fix/173.png?lm=1520606999
italy-cup,Società Sportiva Lazio S.p.A.,398,2013,https://tmssl.akamaized.net//images/erfolge/fix/96.png?lm=1520606999
italy-cup,Juventus Football Club,506,2018,https://tmssl.akamaized.net//images/erfolge/fix/96.png?lm=1520606999
fa-cup,Chelsea Football Club,631,2018,https://tmssl.akamaized.net//images/erfolge/fix/29.png?lm=1520606999
europa-league,Sevilla Fútbol Club S.A.D.,368,2016,https://tmssl.akamaized.net//images/erfolge/fix/264.png?lm=1520606999
supercopa,Futbol Club Barcelona,131,2018,https://tmssl.akamaized.net//images/erfolge/fix/93.png?lm=1520606999
copa-del-rey,Futbol Club Barcelona,131,2018,https://tmssl.akamaized.net//images/erfolge/fix/94.png?lm=1520606999
fifa-klub-wm,Futbol Club Barcelona,131,2015,https://tmssl.akamaized.net//images/erfolge/fix/318.png?lm=1731663333
kypello-elladas,Olympiakos Syndesmos Filathlon Peiraios,683,2020,https://tmssl.akamaized.net//images/erfolge/fix/39.png?lm=1461847499
russian-cup,"Футбольный клуб ""Локомотив"" Москва",932,2021,https://tmssl.akamaized.net//images/erfolge/fix/196.png?lm=1520606999
dfb-pokal,Borussia Dortmund,16,2021,https://tmssl.akamaized.net//images/erfolge/fix/27.png?lm=1520606999
sydbank-pokalen,Football Club København,190,2023,https://tmssl.akamaized.net//images/erfolge/fix/95.png?lm=1461847499
sfa-cup,Hibernian Football Club,903,2016,https://tmssl.akamaized.net//images/erfolge/fix/87.png?lm=1461847499
dfl-supercup,FC Bayern München,27,2016,https://tmssl.akamaized.net//images/erfolge/fix/312.png?lm=1520606999
dfl-supercup,FC Bayern München,27,2017,https://tmssl.akamaized.net//images/erfolge/fix/312.png?lm=1520606999
toto-knvb-beker,Feyenoord Rotterdam,234,2018,https://tmssl.akamaized.net//images/erfolge/fix/151.png?lm=1520606999
fa-cup,Arsenal Football Club,11,2015,https://tmssl.akamaized.net//images/erfolge/fix/29.png?lm=1520606999
ukrainian-cup,FC Shakhtar Donetsk,660,2019,https://tmssl.akamaized.net//images/erfolge/fix/171.png?lm=1461847499
sydbank-pokalen,Sønderjyske Fodbold,5817,2020,https://tmssl.akamaized.net//images/erfolge/fix/95.png?lm=1461847499
community-shield,Leicester City Football Club,1003,2021,https://tmssl.akamaized.net//images/erfolge/fix/316.png?lm=1520606999
sfa-cup,The Celtic Football Club,371,2023,https://tmssl.akamaized.net//images/erfolge/fix/87.png?lm=1461847499
sydbank-pokalen,Silkeborg Idrætsforening,1177,2024,https://tmssl.akamaized.net//images/erfolge/fix/95.png?lm=1461847499
kypello-elladas,Panthessalonikios Athlitikos Omilos Konstantinoupoliton,1091,2021,https://tmssl.akamaized.net//images/erfolge/fix/39.png?lm=1461847499
kypello-elladas,Panthessalonikios Athlitikos Omilos Konstantinoupoliton,1091,2019,https://tmssl.akamaized.net//images/erfolge/fix/39.png?lm=1461847499
dfb-pokal,FC Bayern München,27,2020,https://tmssl.akamaized.net//images/erfolge/fix/27.png?lm=1520606999
supercoppa-italiana,Juventus Football Club,506,2013,https://tmssl.akamaized.net//images/erfolge/fix/97.png?lm=1520606999
russian-super-cup,PFK CSKA Moskva,2410,2014,https://tmssl.akamaized.net//images/erfolge/fix/468.png?lm=1511173816
toto-knvb-beker,Football Club Groningen,202,2015,https://tmssl.akamaized.net//images/erfolge/fix/151.png?lm=1520606999
kypello-elladas,Athlitiki Enosi Konstantinoupoleos,2441,2016,https://tmssl.akamaized.net//images/erfolge/fix/39.png?lm=1461847499
community-shield,Manchester United Football Club,985,2016,https://tmssl.akamaized.net//images/erfolge/fix/316.png?lm=1520606999
trophee-des-champions,Olympique Lyonnais,1041,2012,https://tmssl.akamaized.net//images/erfolge/fix/321.png?lm=1704485193
toto-knvb-beker,AFC Ajax Amsterdam,610,2019,https://tmssl.akamaized.net//images/erfolge/fix/151.png?lm=1520606999
russian-cup,"Футбольный клуб ""Локомотив"" Москва",932,2019,https://tmssl.akamaized.net//images/erfolge/fix/196.png?lm=1520606999
ukrainian-cup,Futbolniy Klub Dynamo Kyiv,338,2020,https://tmssl.akamaized.net//images/erfolge/fix/171.png?lm=1461847499
trophee-des-champions,Lille Olympique Sporting Club,1082,2021,https://tmssl.akamaized.net//images/erfolge/fix/321.png?lm=1704485193
copa-del-rey,Real Betis Balompié S.A.D.,150,2022,https://tmssl.akamaized.net//images/erfolge/fix/94.png?lm=1520606999
sydbank-pokalen,Fodbold Club Midtjylland,865,2022,https://tmssl.akamaized.net//images/erfolge/fix/95.png?lm=1461847499
dfl-supercup,RasenBallsport Leipzig,23826,2023,https://tmssl.akamaized.net//images/erfolge/fix/312.png?lm=1520606999
ukrainian-cup,FC Shakhtar Donetsk,660,2013,https://tmssl.akamaized.net//images/erfolge/fix/171.png?lm=1461847499
allianz-cup,Sporting Clube de Portugal,336,2022,https://tmssl.akamaized.net//images/erfolge/fix/246.png?lm=1520606999
supercopa,Real Madrid Club de Fútbol,418,2020,https://tmssl.akamaized.net//images/erfolge/fix/93.png?lm=1520606999
kypello-elladas,Panathinaikos Athlitikos Omilos,265,2024,https://tmssl.akamaized.net//images/erfolge/fix/39.png?lm=1461847499
efl-cup,Liverpool Football Club,31,2024,https://tmssl.akamaized.net//images/erfolge/fix/47.png?lm=1520606999
copa-del-rey,Valencia Club de Fútbol S. A. D.,1049,2019,https://tmssl.akamaized.net//images/erfolge/fix/94.png?lm=1520606999
uefa-conference-league,West Ham United Football Club,379,2023,https://tmssl.akamaized.net//images/erfolge/fix/856.png?lm=1639997104
sfa-cup,The Celtic Football Club,371,2024,https://tmssl.akamaized.net//images/erfolge/fix/87.png?lm=1461847499
uefa-conference-league,Associazione Sportiva Roma,12,2022,https://tmssl.akamaized.net//images/erfolge/fix/856.png?lm=1639997104
ukrainian-cup,FC Shakhtar Donetsk,660,2024,https://tmssl.akamaized.net//images/erfolge/fix/171.png?lm=1461847499
uefa-super-cup,Liverpool Football Club,31,2019,https://tmssl.akamaized.net//images/erfolge/fix/354.png?lm=1520606999
supercoppa-italiana,Football Club Internazionale Milano S.p.A.,46,2022,https://tmssl.akamaized.net//images/erfolge/fix/97.png?lm=1520606999
toto-knvb-beker,Alkmaar Zaanstreek,1090,2013,https://tmssl.akamaized.net//images/erfolge/fix/151.png?lm=1520606999
johan-cruijff-schaal,Feyenoord Rotterdam,234,2024,https://tmssl.akamaized.net//images/erfolge/fix/288.png?lm=1511173147
johan-cruijff-schaal,Eindhovense Voetbalvereniging Philips Sport Vereniging,383,2012,https://tmssl.akamaized.net//images/erfolge/fix/288.png?lm=1511173147
johan-cruijff-schaal,Feyenoord Rotterdam,234,2018,https://tmssl.akamaized.net//images/erfolge/fix/288.png?lm=1511173147
toto-knvb-beker,Eindhovense Voetbalvereniging Philips Sport Vereniging,383,2022,https://tmssl.akamaized.net//images/erfolge/fix/151.png?lm=1520606999
belgian-supercup,Royal Sporting Club Anderlecht,58,2014,https://tmssl.akamaized.net//images/erfolge/fix/488.png?lm=1511178751
belgian-supercup,Royal Sporting Club Anderlecht,58,2017,https://tmssl.akamaized.net//images/erfolge/fix/488.png?lm=1511178751
belgian-supercup,Royal Antwerp Football Club,1096,2023,https://tmssl.akamaized.net//images/erfolge/fix/488.png?lm=1511178751
belgian-supercup,Royal Sporting Club Anderlecht,58,2013,https://tmssl.akamaized.net//images/erfolge/fix/488.png?lm=1511178751
belgian-supercup,Koninklijke Racing Club Genk,1184,2019,https://tmssl.akamaized.net//images/erfolge/fix/488.png?lm=1511178751
belgian-supercup,Royale Union Saint-Gilloise,3948,2024,https://tmssl.akamaized.net//images/erfolge/fix/488.png?lm=1511178751
belgian-supercup,Club Brugge Koninklijke Voetbalvereniging,2282,2021,https://tmssl.akamaized.net//images/erfolge/fix/488.png?lm=1511178751
belgian-supercup,Club Brugge Koninklijke Voetbalvereniging,2282,2022,https://tmssl.akamaized.net//images/erfolge/fix/488.png?lm=1511178751
belgian-supercup,Royal Sporting Club Anderlecht,58,2012,https://tmssl.akamaized.net//images/erfolge/fix/488.png?lm=1511178751
belgian-supercup,Koninklijke Atletiek Associatie Gent,157,2015,https://tmssl.akamaized.net//images/erfolge/fix/488.png?lm=1511178751
belgian-supercup,Club Brugge Koninklijke Voetbalvereniging,2282,2016,https://tmssl.akamaized.net//images/erfolge/fix/488.png?lm=1511178751
belgian-supercup,Club Brugge Koninklijke Voetbalvereniging,2282,2018,https://tmssl.akamaized.net//images/erfolge/fix/488.png?lm=1511178751
johan-cruijff-schaal,Eindhovense Voetbalvereniging Philips Sport Vereniging,383,2022,https://tmssl.akamaized.net//images/erfolge/fix/288.png?lm=1511173147
fifa-klub-wm,Real Madrid Club de Fútbol,418,2023,https://tmssl.akamaized.net//images/erfolge/fix/318.png?lm=1731663333
fifa-klub-wm,Real Madrid Club de Fútbol,418,2017,https://tmssl.akamaized.net//images/erfolge/fix/318.png?lm=1731663333
fifa-klub-wm,Real Madrid Club de Fútbol,418,2016,https://tmssl.akamaized.net//images/erfolge/fix/318.png?lm=1731663333
sfa-cup,The Celtic Football Club,371,2018,https://tmssl.akamaized.net//images/erfolge/fix/87.png?lm=1461847499
allianz-cup,Sporting Clube de Braga,1075,2020,https://tmssl.akamaized.net//images/erfolge/fix/246.png?lm=1520606999
toto-knvb-beker,Eindhovense Voetbalvereniging Philips Sport Vereniging,383,2023,https://tmssl.akamaized.net//images/erfolge/fix/151.png?lm=1520606999
dfl-supercup,Bayer 04 Leverkusen Fußball,15,2024,https://tmssl.akamaized.net//images/erfolge/fix/312.png?lm=1520606999
