,club_id,name,stadium_name,squad_size,average_age,foreigners_number,national_team_players,logo_url
0,105,SV Darmstadt 98,Merck-Stadion am Böllenfalltor,27,25.6,13,1,https://tmssl.akamaized.net//images/wappen/head/105.png?lm=1501493517
1,11127,Ural Yekaterinburg,Yekaterinburg Arena,30,26.5,11,3,https://tmssl.akamaized.net//images/wappen/head/11127.png?lm=1500926160
2,114,Beşiktaş Jimnastik Kulübü,Beşiktaş Park,30,26.5,15,8,https://tmssl.akamaized.net//images/wappen/head/114.png?lm=1741019298
3,12,Associazione Sportiva Roma,Olimpico di Roma,26,26.3,18,17,https://tmssl.akamaized.net//images/wappen/head/12.png?lm=1701079293
4,148,Tottenham Hotspur Football Club,Tottenham Hotspur Stadium,30,25.5,21,18,https://tmssl.akamaized.net//images/wappen/head/148.png?lm=1732011953
5,157,Koninklijke Atletiek Associatie Gent,Planet Group Arena,30,25.1,19,5,https://tmssl.akamaized.net//images/wappen/head/157.png?lm=1715694765
6,1894,Hvidovre IF,PRO VENTILATION Arena,25,26.4,3,2,https://tmssl.akamaized.net//images/wappen/head/1894.png?lm=1458926365
7,190,Football Club København,Parken,28,26.1,19,9,https://tmssl.akamaized.net//images/wappen/head/190.png?lm=1722282896
8,192,Roda JC Kerkrade,Parkstad Limburg Stadion,25,24.0,9,0,https://tmssl.akamaized.net//images/wappen/head/192.png?lm=1404055999
9,19789,Yeni Malatyaspor,Yeni Malatya Stadyumu,10,22.9,1,0,https://tmssl.akamaized.net//images/wappen/head/19789.png?lm=1441755473
10,2079,Veria NPS,Dimotiko Stadio Verias,29,24.3,4,0,https://tmssl.akamaized.net//images/wappen/head/2079.png?lm=1740694650
11,21957,AO Platanias,Dimotiko Gipedo Perivolia,0,,0,0,https://tmssl.akamaized.net//images/wappen/head/21957.png?lm=1421004104
12,2414,AC Horsens,Nordstern Arena Horsens,19,25.1,9,4,https://tmssl.akamaized.net//images/wappen/head/2414.png?lm=1580920529
13,2457,B SAD,Estádio Nacional do Jamor,25,24.2,13,4,https://tmssl.akamaized.net//images/wappen/head/2457.png?lm=1552479825
14,2578,Saint Johnstone Football Club,McDiarmid Park,28,25.8,21,3,https://tmssl.akamaized.net//images/wappen/head/2578.png?lm=1610822014
15,269,Kieler Sportvereinigung Holstein von 1900,Holstein-Stadion,29,26.3,11,4,https://tmssl.akamaized.net//images/wappen/head/269.png?lm=1740400529
16,2727,Oud-Heverlee Leuven,King Power at Den Dreef Stadion,27,24.8,15,2,https://tmssl.akamaized.net//images/wappen/head/2727.png?lm=1723796027
17,28643,SK Beveren,Freethielstadion,27,26.8,16,3,https://tmssl.akamaized.net//images/wappen/head/28643.png?lm=1656665372
18,2990,Académica Coimbra,Estádio Cidade de Coimbra,26,25.2,6,0,https://tmssl.akamaized.net//images/wappen/head/2990.png?lm=1416391647
19,3057,Royal Standard Club de Liège,Maurice Dufrasne Stadion,27,24.1,16,9,https://tmssl.akamaized.net//images/wappen/head/3057.png?lm=1719832545
20,3690,SKA Khabarovsk,Lenin Stadion,27,25.7,4,0,
21,4795,FC Ingolstadt 04,Audi Sportpark,28,24.3,8,1,https://tmssl.akamaized.net//images/wappen/head/4795.png?lm=1482665720
22,511,Dundee Football Club,Kilmac Stadium at Dens Park,26,26.0,15,2,https://tmssl.akamaized.net//images/wappen/head/511.png?lm=1416262848
23,5358,SD Huesca,El Alcoraz,24,27.5,8,2,https://tmssl.akamaized.net//images/wappen/head/5358.png?lm=1726751837
24,603,Cardiff City,Cardiff City Stadium,28,25.5,24,8,https://tmssl.akamaized.net//images/wappen/head/603.png?lm=1478337063
25,60551,SC Dnipro-1,Dnipro-Arena,0,0.0,0,0,
26,6996,Goverla Uzhgorod (- 2016),Avangard,0,,0,0,https://tmssl.akamaized.net//images/wappen/head/6996.png?lm=1420985872
27,8024,Futebol Clube de Arouca,Estádio Municipal de Arouca,26,26.0,18,2,https://tmssl.akamaized.net//images/wappen/head/8024.png?lm=1530096604
28,868,MKE Ankaragücü,Eryaman Stadyumu,34,26.2,13,6,https://tmssl.akamaized.net//images/wappen/head/868.png?lm=1582635029
29,903,Hibernian Football Club,Easter Road Stadium,25,26.9,20,7,https://tmssl.akamaized.net//images/wappen/head/903.png?lm=1737462058
30,969,Montpellier Hérault Sport Club,Stade de la Mosson,25,26.6,15,6,https://tmssl.akamaized.net//images/wappen/head/969.png?lm=1720105465
31,989,Association Football Club Bournemouth,Vitality Stadium,25,24.9,18,15,https://tmssl.akamaized.net//images/wappen/head/989.png?lm=1457991811
32,993,Córdoba CF,Nuevo Arcángel,24,27.9,4,0,https://tmssl.akamaized.net//images/wappen/head/993.png?lm=1458766826
33,1025,Bologna Football Club 1909,Stadio Renato Dall’Ara,28,26.3,19,14,https://tmssl.akamaized.net//images/wappen/head/1025.png?lm=1626441324
34,1082,Lille Olympique Sporting Club,Decathlon Arena-Stade Pierre-Mauroy,26,27.2,18,12,https://tmssl.akamaized.net//images/wappen/head/1082.png?lm=1529521041
35,1160,Nîmes Olympique,Stade des Antonins,26,25.4,12,3,https://tmssl.akamaized.net//images/wappen/head/1160.png?lm=1526910377
36,11688,Giresunspor,Çotanak Spor Kompleksi,17,22.5,1,1,https://tmssl.akamaized.net//images/wappen/head/11688.png?lm=1667476015
37,124,Rangers Football Club,Ibrox Stadium,25,26.1,21,10,
38,1465,Grupo Desportivo Estoril Praia,Estádio António Coimbra da Mota,22,25.4,15,4,https://tmssl.akamaized.net//images/wappen/head/1465.png?lm=1534340702
39,2477,Karpaty Lviv (-2021),Stadion Ukraina,0,,0,0,https://tmssl.akamaized.net//images/wappen/head/2477.png?lm=1598902108
40,2553,Kilmarnock Football Club,"BBSP Stadium, Rugby Park",24,27.3,9,2,https://tmssl.akamaized.net//images/wappen/head/2553.png?lm=1568027450
41,2672,APO Levadiakos Football Club,Stadio Livadias,29,26.8,16,3,https://tmssl.akamaized.net//images/wappen/head/2672.png?lm=1410074899
42,2740,Vorskla Poltava,Vorskla im. Oleksiy Butovskyi,26,25.5,5,1,https://tmssl.akamaized.net//images/wappen/head/2740.png?lm=1420985318
43,3008,Hull City,MKM Stadium,28,25.0,17,6,https://tmssl.akamaized.net//images/wappen/head/3008.png?lm=1562662491
44,31,Liverpool Football Club,Anfield,25,26.6,18,22,https://tmssl.akamaized.net//images/wappen/head/31.png?lm=1727873452
45,336,Sporting Clube de Portugal,Estádio José Alvalade,26,24.5,13,14,https://tmssl.akamaized.net//images/wappen/head/336.png?lm=1621513752
46,3911,Stade brestois 29,Stade Francis-Le Blé,27,26.9,11,5,https://tmssl.akamaized.net//images/wappen/head/3911.png?lm=1408780312
47,4,1.FC Nuremberg,Max-Morlock-Stadion,33,25.2,7,2,
48,410,Udinese Calcio,Bluenergy Stadium,30,26.0,26,10,https://tmssl.akamaized.net//images/wappen/head/410.png?lm=1688982584
49,41231,FC Sochi,Fisht Olympic Stadium,27,25.3,7,1,https://tmssl.akamaized.net//images/wappen/head/41231.png?lm=1549213557
50,4128,Amkar Perm,Zvezda,26,26.0,0,0,https://tmssl.akamaized.net//images/wappen/head/4128.png?lm=1623919032
51,449,Trabzonspor Kulübü,Papara Park,27,26.0,13,6,https://tmssl.akamaized.net//images/wappen/head/449.png?lm=1727269339
52,4603,AE Larisa,Stadio Alkazar,28,24.2,6,0,
53,55686,Metalist 1925 Kharkiv,Stadion Kolos,32,25.7,2,0,https://tmssl.akamaized.net//images/wappen/head/55686.png?lm=1499536179
54,566,Beerschot AC,Olympisch Stadion,0,,0,0,https://tmssl.akamaized.net//images/wappen/head/566.png?lm=1420309154
55,595,SC Bastia,Stade Armand-Cesari,25,27.6,8,6,https://tmssl.akamaized.net//images/wappen/head/595.png?lm=1721932444
56,6890,İstanbul Başakşehir Futbol Kulübü,Başakşehir Fatih Terim,29,26.7,15,6,https://tmssl.akamaized.net//images/wappen/head/6890.png?lm=1521449959
57,7185,Panthrakikos Komotini,Stadio Komotinis OPAP,29,24.3,3,0,https://tmssl.akamaized.net//images/wappen/head/7185.png?lm=1463177222
58,83678,Metalist Kharkiv,Avangard,25,26.1,7,0,https://tmssl.akamaized.net//images/wappen/head/83678.png?lm=1624463809
59,932,"Футбольный клуб ""Локомотив"" Москва",RZD Arena,24,24.8,5,11,
60,1010,Watford FC,Vicarage Road,30,26.3,24,12,https://tmssl.akamaized.net//images/wappen/head/1010.png?lm=1468103673
61,1108,Deportivo Alavés S.A.D.,Mendizorroza,25,26.5,10,4,https://tmssl.akamaized.net//images/wappen/head/1108.png?lm=1596131395
62,1124,FK Fakel Voronezh,Fakel,23,28.4,6,1,https://tmssl.akamaized.net//images/wappen/head/1124.png?lm=1700892653
63,1158,FC Lorient,Stade du Moustoir,30,25.0,17,8,https://tmssl.akamaized.net//images/wappen/head/1158.png?lm=1406642498
64,1177,Silkeborg Idrætsforening,JYSK Park,22,24.7,5,2,https://tmssl.akamaized.net//images/wappen/head/1177.png?lm=1518117733
65,13,Club Atlético de Madrid S.A.D.,Riyadh Air Metropolitano,23,29.3,16,16,https://tmssl.akamaized.net//images/wappen/head/13.png?lm=1719915566
66,131,Futbol Club Barcelona,Olímpic Lluís Companys,26,25.0,8,14,https://tmssl.akamaized.net//images/wappen/head/131.png?lm=1406739548
67,133,SC Cambuur Leeuwarden,Cambuurstadion,16,23.1,4,3,https://tmssl.akamaized.net//images/wappen/head/133.png?lm=1692824919
68,141,Galatasaray Spor Kulübü,Ali Sami Yen Spor Kompleksi RAMS Park,30,27.1,16,14,https://tmssl.akamaized.net//images/wappen/head/141.png?lm=1406739071
69,1411,RAEC Mons (- 2015),Stade Charles Tondreau,0,,0,0,https://tmssl.akamaized.net//images/wappen/head/1411.png?lm=1420147856
70,169,Panionios Athens,Stadio Neas Smyrnis,34,23.5,4,0,https://tmssl.akamaized.net//images/wappen/head/169.png?lm=1401606183
71,18,Borussia Verein für Leibesübungen 1900 Mönchengladbach,Stadion im Borussia-Park,26,26.3,14,12,https://tmssl.akamaized.net//images/wappen/head/18.png?lm=1656585796
72,18105,PFK Lviv,Stadion SKIF,3,18.3,0,0,https://tmssl.akamaized.net//images/wappen/head/18105.png?lm=1626717555
73,2036,1. Fußballclub Heidenheim 1846,Voith-Arena,28,26.9,4,1,https://tmssl.akamaized.net//images/wappen/head/2036.png?lm=1685457789
74,273,Stade Rennais Football Club,Roazhon Park,30,25.2,17,11,https://tmssl.akamaized.net//images/wappen/head/273.png?lm=1691503972
75,3325,GD Chaves,Estádio Municipal Eng.º Manuel Branco Teixeira,29,25.8,17,1,https://tmssl.akamaized.net//images/wappen/head/3325.png?lm=1416392512
76,3327,FC Penafiel,Estádio Municipal 25 de Abril,28,27.9,4,0,https://tmssl.akamaized.net//images/wappen/head/3327.png?lm=1529665673
77,366,Real Valladolid Club de Fútbol S.A.D.,José Zorrilla,26,27.0,18,7,https://tmssl.akamaized.net//images/wappen/head/366.png?lm=1720163563
78,4294,Sporting Clube Farense,Estádio de São Luís,26,27.8,14,3,https://tmssl.akamaized.net//images/wappen/head/4294.png?lm=1550150253
79,44006,Bodrumspor Spor Faaliyetleri Anonim Şirketi,Grey Beton Bodrum Stadyumu,31,26.9,13,6,https://tmssl.akamaized.net//images/wappen/head/44006.png?lm=1441938597
80,458,Palermo FC,"Comunale Renzo Barbera ""La Favorita""",28,25.6,7,4,https://tmssl.akamaized.net//images/wappen/head/458.png?lm=1701339000
81,46,Football Club Internazionale Milano S.p.A.,Giuseppe Meazza,25,29.4,18,18,https://tmssl.akamaized.net//images/wappen/head/46.png?lm=1618900989
82,5220,GS Ergotelis,Pankritio Stadio,3,23.3,0,0,https://tmssl.akamaized.net//images/wappen/head/5220.png?lm=1690085641
83,5572,Niki Volou,Panthessaliko Stadio,26,27.2,7,2,https://tmssl.akamaized.net//images/wappen/head/5572.png?lm=1720745407
84,5817,Sønderjyske Fodbold,Sydbank Park,28,24.6,12,3,https://tmssl.akamaized.net//images/wappen/head/5817.png?lm=1727864104
85,605,Aris Thessalonikis,"Gipedo ""Kleanthis Vikelidis""",30,28.3,27,3,https://tmssl.akamaized.net//images/wappen/head/605.png?lm=1569944828
86,995,Football Club de Nantes,Stade de la Beaujoire,26,27.1,13,8,https://tmssl.akamaized.net//images/wappen/head/995.png?lm=1581355747
87,1003,Leicester City Football Club,King Power Stadium,29,26.8,21,15,https://tmssl.akamaized.net//images/wappen/head/1003.png?lm=1472229265
88,1047,Calcio Como,Giuseppe Sinigaglia,32,26.5,23,6,https://tmssl.akamaized.net//images/wappen/head/1047.png?lm=1565704078
89,1237,Brighton and Hove Albion Football Club,AMEX Stadium,28,26.2,20,17,https://tmssl.akamaized.net//images/wappen/head/1237.png?lm=1492718902
90,1436,SC Beira-Mar,Estádio Municipal de Aveiro,26,26.6,8,0,https://tmssl.akamaized.net//images/wappen/head/1436.png?lm=1416392753
91,1455,FC Dordrecht,Matchoholic Stadion,29,23.3,12,1,https://tmssl.akamaized.net//images/wappen/head/1455.png?lm=1690016096
92,14589,FC Orenburg,Gazovik,28,24.1,11,2,https://tmssl.akamaized.net//images/wappen/head/14589.png?lm=1500713718
93,1519,Dundee United Football Club,Tannadice Park,22,26.7,13,4,https://tmssl.akamaized.net//images/wappen/head/1519.png?lm=1658408113
94,16239,Desna Chernigiv,Stadion im. Yuriya Gagarina,0,,0,0,https://tmssl.akamaized.net//images/wappen/head/16239.png?lm=1469859315
95,173,Odense Boldklub,Nature Energy Park,25,23.4,12,6,https://tmssl.akamaized.net//images/wappen/head/173.png?lm=1518117592
96,200,Football Club Utrecht,"Stadion ""Galgenwaard""",27,25.2,17,3,https://tmssl.akamaized.net//images/wappen/head/200.png?lm=1628450351
97,206,Brøndby Idrætsforening,Brøndby Stadion,22,25.9,9,3,https://tmssl.akamaized.net//images/wappen/head/206.png?lm=1518117616
98,2715,RFC Seraing,Stade du Paray,22,23.5,13,2,https://tmssl.akamaized.net//images/wappen/head/2715.png?lm=1495287150
99,28956,AEL Kalloni,Stadio Mytilinis,0,,0,0,https://tmssl.akamaized.net//images/wappen/head/28956.png?lm=1410074459
100,2969,Dijon FCO,Stade Gaston-Gérard,29,25.8,14,4,https://tmssl.akamaized.net//images/wappen/head/2969.png?lm=1711120027
101,2995,FC Paços de Ferreira,Estádio Capital do Móvel,32,25.5,17,1,https://tmssl.akamaized.net//images/wappen/head/2995.png?lm=1578477741
102,3426,Esbjerg fB,Blue Water Arena,27,22.7,10,2,https://tmssl.akamaized.net//images/wappen/head/3426.png?lm=1664268092
103,3522,Spezia Calcio,Alberto Picco,32,24.4,25,11,https://tmssl.akamaized.net//images/wappen/head/3522.png?lm=1692256435
104,3609,Rotor Volgograd,Volgograd Arena,27,23.9,2,0,https://tmssl.akamaized.net//images/wappen/head/3609.png?lm=1572768340
105,39097,FK Obolon Kyiv,Obolon-Arena,26,28.1,0,0,
106,39722,Erzurumspor FK,Erzurum Kazım Karabekir,28,26.1,7,1,https://tmssl.akamaized.net//images/wappen/head/39722.png?lm=1661508049
107,40,FC Girondins Bordeaux,Matmut Atlantique,26,22.7,13,6,https://tmssl.akamaized.net//images/wappen/head/40.png?lm=1627322046
108,41274,Koninklijke Beerschot Voetbalclub Antwerpen,Olympisch Stadion,30,24.3,23,7,https://tmssl.akamaized.net//images/wappen/head/41274.png?lm=1568728391
109,43,Heart of Midlothian Football Club,Tynecastle Park,29,26.9,12,7,https://tmssl.akamaized.net//images/wappen/head/43.png?lm=1522182618
110,47,Iraklis Thessaloniki,Kaftanzoglio Stadio,27,24.3,9,0,https://tmssl.akamaized.net//images/wappen/head/47.png?lm=1725878531
111,4750,SC Olhanense,Estádio José Arcanjo,10,23.4,5,0,https://tmssl.akamaized.net//images/wappen/head/4750.png?lm=1436016599
112,589,Antalyaspor,Corendon Airlines Park Antalya Stadı,29,27.4,14,4,https://tmssl.akamaized.net//images/wappen/head/589.png?lm=1473110173
113,6,Adanaspor,Yeni Adana Stadyumu,10,23.9,4,0,https://tmssl.akamaized.net//images/wappen/head/6.png?lm=1442130460
114,6195,Società Sportiva Calcio Napoli,Diego Armando Maradona,25,27.9,14,14,https://tmssl.akamaized.net//images/wappen/head/6195.png?lm=1720861078
115,82,Verein für Leibesübungen Wolfsburg,Volkswagen Arena,30,25.7,21,14,https://tmssl.akamaized.net//images/wappen/head/82.png?lm=1503060755
116,1050,Villarreal Club de Fútbol S.A.D.,La Cerámica,24,27.4,11,11,https://tmssl.akamaized.net//images/wappen/head/1050.png?lm=1408655310
117,1096,Royal Antwerp Football Club,De Bosuil,32,24.2,15,3,https://tmssl.akamaized.net//images/wappen/head/1096.png?lm=1623758865
118,1147,AC Ajaccio,Stade François-Coty,24,27.5,11,6,https://tmssl.akamaized.net//images/wappen/head/1147.png?lm=1408538965
119,130,Parma Calcio 1913,Ennio Tardini,31,24.8,24,9,https://tmssl.akamaized.net//images/wappen/head/130.png?lm=1530945992
120,1429,Cesena FC,Orogel Stadium - Dino Manuzzi,28,26.0,4,0,https://tmssl.akamaized.net//images/wappen/head/1429.png?lm=1539765803
121,15,Bayer 04 Leverkusen Fußball,BayArena,26,26.8,20,16,
122,16247,PFK Stal Kamyanske (-2018),Obolon,0,,0,0,https://tmssl.akamaized.net//images/wappen/head/16247.png?lm=1468413607
123,20100,FC Vestsjaelland,Harboe Arena,0,,0,0,https://tmssl.akamaized.net//images/wappen/head/20100.png?lm=1418835868
124,20698,Balikesirspor,Balıkesir Atatürk,22,22.0,1,0,
125,2323,Orduspor,19 Eylül Stadyum,3,20.0,0,0,https://tmssl.akamaized.net//images/wappen/head/2323.png?lm=1411311477
126,2722,SPAL,Paolo Mazza,32,26.0,8,2,https://tmssl.akamaized.net//images/wappen/head/2722.png?lm=1626441491
127,276,Verona Hellas Football Club,Marcantonio Bentegodi,32,25.3,24,7,https://tmssl.akamaized.net//images/wappen/head/276.png?lm=1617228746
128,3329,Futebol Clube de Famalicão,Estádio Municipal de Famalicão,25,24.1,18,3,
129,3691,Tom Tomsk,Trud,0,,0,0,https://tmssl.akamaized.net//images/wappen/head/3691.png?lm=1408773882
130,370,Aberdeen Football Club,Pittodrie Stadium,26,25.6,19,7,https://tmssl.akamaized.net//images/wappen/head/370.png?lm=1409146897
131,475,Koninklijke Sint-Truidense Voetbalvereniging,Daio Wasabi Stayen Stadium,29,25.4,17,6,https://tmssl.akamaized.net//images/wappen/head/475.png?lm=1448474474
132,49364,FC Ingulets Petrove,Stadion Ingulets,25,23.7,0,0,https://tmssl.akamaized.net//images/wappen/head/49364.png?lm=1505217715
133,498,KSC Lokeren (- 2020),Daknamstadion,0,,0,0,https://tmssl.akamaized.net//images/wappen/head/498.png?lm=1536867901
134,524,Gaziantepspor (- 2020),Gaziantep Stadyumu,0,,0,0,https://tmssl.akamaized.net//images/wappen/head/524.png?lm=1408654192
135,553,Ionikos Nikeas,Dimotiko Gipedo Neapolis,17,28.4,11,0,https://tmssl.akamaized.net//images/wappen/head/553.png?lm=1731111442
136,642,De Graafschap Doetinchem,"Stadion ""De Vijverberg""",30,23.7,6,0,https://tmssl.akamaized.net//images/wappen/head/642.png?lm=1719929059
137,6676,A.G.S Asteras Tripolis,Gipedo Theodoros Kolokotronis,30,27.7,20,3,https://tmssl.akamaized.net//images/wappen/head/6676.png?lm=1723545531
138,703,Nottingham Forest Football Club,The City Ground,24,27.2,19,12,https://tmssl.akamaized.net//images/wappen/head/703.png?lm=1598890289
139,80,Verein für Leibesübungen Bochum 1848 Fußballgemeinschaft,Vonovia Ruhrstadion,27,27.3,13,4,https://tmssl.akamaized.net//images/wappen/head/80.png?lm=1656583090
140,976,CF União Madeira (-2021),Centro Desportivo da Madeira,0,,0,0,https://tmssl.akamaized.net//images/wappen/head/976.png?lm=1498459958
141,1031,Luton Town,Kenilworth Road,30,26.1,16,7,https://tmssl.akamaized.net//images/wappen/head/1031.png?lm=1457723228
142,1071,Wigan Athletic,DW Stadium,26,24.0,8,2,https://tmssl.akamaized.net//images/wappen/head/1071.png?lm=1407653830
143,1090,Alkmaar Zaanstreek,AFAS Stadion,29,24.0,7,4,https://tmssl.akamaized.net//images/wappen/head/1090.png?lm=1586848339
144,1110,Huddersfield Town,John Smith's Stadium,33,26.7,12,3,https://tmssl.akamaized.net//images/wappen/head/1110.png?lm=1567439677
145,11126,Mordovia Saransk (-2020),Mordovia Arena,0,,0,0,https://tmssl.akamaized.net//images/wappen/head/11126.png?lm=1540847627
146,1159,AS Nancy-Lorraine,Stade Marcel-Picot,27,25.7,5,0,https://tmssl.akamaized.net//images/wappen/head/1159.png?lm=1529961068
147,12438,Volga Nizhniy Novgorod (- 2016),Zentralstadion Lokomotiv,0,,0,0,https://tmssl.akamaized.net//images/wappen/head/12438.png?lm=1419710108
148,1301,CS Marítimo,Estádio do Marítimo,29,27.2,19,2,https://tmssl.akamaized.net//images/wappen/head/1301.png?lm=1656600130
149,1304,Heracles Almelo,Asito Stadion,29,24.6,15,3,https://tmssl.akamaized.net//images/wappen/head/1304.png?lm=1488213735
150,1421,Stade de Reims,Stade Auguste-Delaune,25,24.8,19,8,https://tmssl.akamaized.net//images/wappen/head/1421.png?lm=1592601839
151,1423,Valenciennes FC,Stade du Hainaut,30,23.6,15,5,https://tmssl.akamaized.net//images/wappen/head/1423.png?lm=1408780358
152,162,Association sportive de Monaco Football Club,Stade Louis-II,26,24.3,26,12,https://tmssl.akamaized.net//images/wappen/head/162.png?lm=1654781919
153,20,Bursaspor,Bursa Büyükşehir Belediye Stadyumu,26,21.4,0,0,https://tmssl.akamaized.net//images/wappen/head/20.png?lm=1441719256
154,235,Rooms Katholieke Combinatie Waalwijk,Mandemakers Stadion,30,26.5,14,6,https://tmssl.akamaized.net//images/wappen/head/235.png?lm=1435505083
155,24,Eintracht Frankfurt Fußball AG,Deutsche Bank Park,27,25.4,20,10,https://tmssl.akamaized.net//images/wappen/head/24.png?lm=1700074979
156,2441,Athlitiki Enosi Konstantinoupoleos,OPAP Arena,27,29.7,20,11,https://tmssl.akamaized.net//images/wappen/head/2441.png?lm=1730987042
157,2861,KV Oostende,Diaz Arena,26,23.3,14,2,https://tmssl.akamaized.net//images/wappen/head/2861.png?lm=1625231721
158,294,Sport Lisboa e Benfica,Estádio da Luz,27,25.4,17,13,https://tmssl.akamaized.net//images/wappen/head/294.png?lm=1535908439
159,3060,APS Atromitos Athinon,Stadio Peristeriou,25,26.8,12,4,https://tmssl.akamaized.net//images/wappen/head/3060.png?lm=1562577628
160,331,Club Atlético Osasuna,El Sadar,22,28.5,2,3,https://tmssl.akamaized.net//images/wappen/head/331.png?lm=1686070937
161,3336,Desportivo Aves (- 2020),Estádio CD das Aves,0,,0,0,https://tmssl.akamaized.net//images/wappen/head/3336.png?lm=1534502701
162,3709,Getafe Club de Fútbol S.A.D. Team Dubai,Coliseum,24,27.2,10,4,https://tmssl.akamaized.net//images/wappen/head/3709.png?lm=1408655116
163,383,Eindhovense Voetbalvereniging Philips Sport Vereniging,Philips Stadion,27,25.9,14,12,https://tmssl.akamaized.net//images/wappen/head/383.png?lm=1682925949
164,499,Vitesse Arnhem,GelreDome,25,21.3,5,0,https://tmssl.akamaized.net//images/wappen/head/499.png?lm=1679396090
165,610,AFC Ajax Amsterdam,Johan Cruijff ArenA,28,25.6,12,11,https://tmssl.akamaized.net//images/wappen/head/610.png?lm=1731923662
166,6414,Metalist Kharkiv (- 2016),OSK Metalist,0,,0,0,https://tmssl.akamaized.net//images/wappen/head/6414.png?lm=1411059599
167,6993,FK Mariupol,Stadion im. Volodymyra Boyko,0,,0,0,https://tmssl.akamaized.net//images/wappen/head/6993.png?lm=1499197929
168,71985,Akron Togliatti,Samara-Arena,25,25.4,10,6,https://tmssl.akamaized.net//images/wappen/head/71985.png?lm=1689321065
169,750,FC Sochaux-Montbéliard,Stade Auguste-Bonal,29,23.0,9,1,
170,762,Newcastle United Football Club,St James' Park,27,28.7,11,13,https://tmssl.akamaized.net//images/wappen/head/762.png?lm=1472921161
171,825,Eskisehirspor,Eskişehir Yeni Stadyum,41,23.9,1,0,https://tmssl.akamaized.net//images/wappen/head/825.png?lm=1408653830
172,86209,FK Livyi Bereh,Arena Livyi Bereg,24,26.3,2,0,https://tmssl.akamaized.net//images/wappen/head/86209.png?lm=1695397921
173,1041,Olympique Lyonnais,Groupama Stadium,23,26.6,16,12,https://tmssl.akamaized.net//images/wappen/head/1041.png?lm=1656668172
174,10690,FC Zorya Lugansk,Valeriy Lobanovsky Stadion,26,24.7,7,0,https://tmssl.akamaized.net//images/wappen/head/10690.png?lm=1677239691
175,1084,Málaga CF,La Rosaleda,27,27.9,8,0,https://tmssl.akamaized.net//images/wappen/head/1084.png?lm=1474921800
176,1148,Brentford Football Club,Gtech Community Stadium,26,25.3,21,12,https://tmssl.akamaized.net//images/wappen/head/1148.png?lm=1625150543
177,1162,SM Caen,Stade Michel-d'Ornano,27,25.7,12,4,https://tmssl.akamaized.net//images/wappen/head/1162.png?lm=1692825012
178,1184,Koninklijke Racing Club Genk,Cegeka Arena,26,22.8,14,10,https://tmssl.akamaized.net//images/wappen/head/1184.png?lm=1717666245
179,1186,Torpedo Moscow,Luzhniki Stadium,28,25.6,6,3,https://tmssl.akamaized.net//images/wappen/head/1186.png?lm=1689320898
180,128,AO Xanthi,Xanthi Arena,0,,0,0,https://tmssl.akamaized.net//images/wappen/head/128.png?lm=1688311667
181,1283,FC Emmen,De Oude Meerdijk,17,25.6,6,0,
182,142,Real Zaragoza,La Romareda,23,26.0,6,1,https://tmssl.akamaized.net//images/wappen/head/142.png?lm=1405877974
183,16,Borussia Dortmund,SIGNAL IDUNA PARK,28,25.2,14,18,https://tmssl.akamaized.net//images/wappen/head/16.png?lm=1396275280
184,202,Football Club Groningen,Euroborg,28,24.5,8,4,https://tmssl.akamaized.net//images/wappen/head/202.png?lm=1657052745
185,2288,Swansea City,Swansea.com Stadium,22,24.8,17,4,
186,237,Real Club Deportivo Mallorca S.A.D.,Mallorca Son Moix,24,28.9,10,7,https://tmssl.akamaized.net//images/wappen/head/237.png?lm=1407484750
187,2381,Sivasspor Kulübü,BG Grup 4 Eylül Stadyumu,31,28.1,15,4,https://tmssl.akamaized.net//images/wappen/head/2381.png?lm=1408653992
188,2423,Clube Desportivo Santa Clara,Estádio de São Miguel,24,25.9,15,0,https://tmssl.akamaized.net//images/wappen/head/2423.png?lm=1718909294
189,2425,Rio Ave Futebol Clube,Estádio do Rio Ave FC,26,24.2,19,3,
190,2451,Inverness Caledonian Thistle FC,Tulloch Caledonian Stadium,26,24.5,9,0,https://tmssl.akamaized.net//images/wappen/head/2451.png?lm=1416262902
191,265,Panathinaikos Athlitikos Omilos,"Olympiakó Stádio Athinon ""Spyros Louis""",33,28.4,22,14,https://tmssl.akamaized.net//images/wappen/head/265.png?lm=1629382830
192,2832,Gaziantep Futbol Kulübü A.Ş.,Gaziantep Stadyumu,27,27.1,14,1,https://tmssl.akamaized.net//images/wappen/head/2832.png?lm=1618435990
193,35,Fußball-Club St. Pauli von 1910,Millerntor-Stadion,34,26.6,19,9,https://tmssl.akamaized.net//images/wappen/head/35.png?lm=1521036360
194,3558,GFC Ajaccio,Stade Ange-Casanova,5,26.8,1,1,https://tmssl.akamaized.net//images/wappen/head/3558.png?lm=1438295959
195,4102,AC Carpi,Sandro Cabassi,25,23.6,6,1,https://tmssl.akamaized.net//images/wappen/head/4102.png?lm=1695995043
196,42,Hannover 96,Heinz-von-Heiden-Arena,28,25.0,6,1,https://tmssl.akamaized.net//images/wappen/head/42.png?lm=1625590625
197,641,Middlesbrough FC,Riverside Stadium,25,26.1,8,6,https://tmssl.akamaized.net//images/wappen/head/641.png?lm=1697546042
198,667,Racing Club de Strasbourg Alsace,Stade de la Meinau,26,22.7,18,7,https://tmssl.akamaized.net//images/wappen/head/667.png?lm=1664991833
199,681,Real Sociedad de Fútbol S.A.D.,Reale Arena,25,25.6,8,10,https://tmssl.akamaized.net//images/wappen/head/681.png?lm=1614795530
200,873,Crystal Palace Football Club,Selhurst Park,27,26.1,12,12,https://tmssl.akamaized.net//images/wappen/head/873.png?lm=1457723287
201,1032,Reading FC,Select Car Leasing Stadium,30,23.1,14,5,https://tmssl.akamaized.net//images/wappen/head/1032.png?lm=1457723329
202,1039,Queens Park Rangers,Loftus Road Stadium,26,25.9,15,8,https://tmssl.akamaized.net//images/wappen/head/1039.png?lm=1464680692
203,1244,Club Deportivo Leganés S.A.D.,Butarque,23,28.2,11,3,https://tmssl.akamaized.net//images/wappen/head/1244.png?lm=1422972468
204,14171,Thonon Évian Grand Genève FC,Stade Camille Fournier,27,27.4,6,1,https://tmssl.akamaized.net//images/wappen/head/14171.png?lm=1592499295
205,16704,FK Krasnodar,Stadion Krasnodar,21,28.0,12,7,https://tmssl.akamaized.net//images/wappen/head/16704.png?lm=1499524238
206,19771,Akhisarspor,Spor Toto Akhisar Stadyumu,14,21.0,0,0,https://tmssl.akamaized.net//images/wappen/head/19771.png?lm=1604757093
207,244,Olympique de Marseille,Orange Vélodrome,27,26.6,22,14,https://tmssl.akamaized.net//images/wappen/head/244.png?lm=1485642163
208,29228,Royal Excel Mouscron (-2022),Le Canonnier,0,,0,0,https://tmssl.akamaized.net//images/wappen/head/29228.png?lm=1547241629
209,3216,Mersin Talimyurdu SK,Mersin Stadyumu,0,,0,0,https://tmssl.akamaized.net//images/wappen/head/3216.png?lm=1658748880
210,3508,SV Zulte Waregem,Elindus Arena,25,25.2,13,3,https://tmssl.akamaized.net//images/wappen/head/3508.png?lm=1420103130
211,354,Yellow-Red Koninklijke Voetbalclub Mechelen,AFAS Stadion,29,25.5,15,3,https://tmssl.akamaized.net//images/wappen/head/354.png?lm=1693258903
212,367,Rayo Vallecano de Madrid S.A.D.,Estadio de Vallecas,25,29.9,9,5,https://tmssl.akamaized.net//images/wappen/head/367.png?lm=1653488445
213,379,West Ham United Football Club,London Stadium,27,28.5,18,13,https://tmssl.akamaized.net//images/wappen/head/379.png?lm=1464675260
214,380,US Salernitana 1919,Arechi,30,24.5,16,3,https://tmssl.akamaized.net//images/wappen/head/380.png?lm=1601390035
215,403,Willem II,Koning Willem II Stadion,26,24.8,14,0,https://tmssl.akamaized.net//images/wappen/head/403.png?lm=1686931031
216,40426,FC Tosno (-2018),Petrovsky,0,,0,0,https://tmssl.akamaized.net//images/wappen/head/40426.png?lm=1419710165
217,41,Hamburger SV,Volksparkstadion,30,23.6,15,4,https://tmssl.akamaized.net//images/wappen/head/41.png?lm=1597319274
218,443,Vejle Boldklub,Vejle Stadion,27,25.5,16,4,https://tmssl.akamaized.net//images/wappen/head/443.png?lm=1437861930
219,5724,Randers Fodbold Club,Cepheus Park Randers,26,25.2,15,3,https://tmssl.akamaized.net//images/wappen/head/5724.png?lm=1518117482
220,601,Koninklijke Voetbalclub Kortrijk,Guldensporenstadion,28,24.8,18,7,https://tmssl.akamaized.net//images/wappen/head/601.png?lm=1534260191
221,79,Verein für Bewegungsspiele Stuttgart 1893,MHPArena Stuttgart,35,24.1,15,13,https://tmssl.akamaized.net//images/wappen/head/79.png?lm=1680587427
222,86,Sportverein Werder Bremen von 1899,Weserstadion,27,26.6,12,6,https://tmssl.akamaized.net//images/wappen/head/86.png?lm=1403082298
223,931,Fulham Football Club,Craven Cottage,25,28.3,20,10,https://tmssl.akamaized.net//images/wappen/head/931.png?lm=1556831687
224,964,AO FK Zenit Sankt-Peterburg,Gazprom Arena,28,27.0,14,11,https://tmssl.akamaized.net//images/wappen/head/964.png?lm=1687671770
225,1123,Norwich City,Carrow Road,25,26.0,17,12,https://tmssl.akamaized.net//images/wappen/head/1123.png?lm=1655469640
226,1268,ADO Den Haag,Bingoal Stadion,34,23.5,9,4,https://tmssl.akamaized.net//images/wappen/head/1268.png?lm=1420455700
227,1506,Kardemir Karabükspor,Dr. Necmettin Şeyhoğlu,0,,0,0,https://tmssl.akamaized.net//images/wappen/head/1506.png?lm=1407228551
228,1531,Elche CF,Manuel Martínez Valero,18,27.3,5,0,https://tmssl.akamaized.net//images/wappen/head/1531.png?lm=1421955260
229,2282,Club Brugge Koninklijke Voetbalvereniging,Jan Breydelstadion,26,24.3,16,11,https://tmssl.akamaized.net//images/wappen/head/2282.png?lm=1716279106
230,2293,Konyaspor,Medaş Konya Büyükşehir Stadyumu,31,27.2,15,2,https://tmssl.akamaized.net//images/wappen/head/2293.png?lm=1519828204
231,23611,Olimpik Donetsk,NTK im. B. M. Bannikova,0,,0,0,https://tmssl.akamaized.net//images/wappen/head/23611.png?lm=1553350762
232,2431,Club Football Estrela da Amadora,Estádio José Gomes,28,26.1,14,3,https://tmssl.akamaized.net//images/wappen/head/2431.png?lm=1598342709
233,2698,FC Rubin Kazan,Ak Bars Arena,24,26.5,12,6,https://tmssl.akamaized.net//images/wappen/head/2698.png?lm=1561987986
234,2760,Partick Thistle FC,The Energy Check Stadium at Firhill,19,27.9,1,0,https://tmssl.akamaized.net//images/wappen/head/2760.png?lm=1416262803
235,2944,Ankaraspor,Osmanlı Stadı,30,23.8,1,0,https://tmssl.akamaized.net//images/wappen/head/2944.png?lm=1727031336
236,36,Fenerbahçe Spor Kulübü,Ülker Stadyumu FB Şükrü Saraçoğlu Spor Kompleksi,29,28.9,16,16,https://tmssl.akamaized.net//images/wappen/head/36.png?lm=1406739123
237,385,Fortuna Sittardia Combinatie,Fortuna Sittard Stadion,26,26.1,18,1,https://tmssl.akamaized.net//images/wappen/head/385.png?lm=1610789891
238,468,Sparta Rotterdam,Sparta-stadion - Het Kasteel,25,25.0,9,3,https://tmssl.akamaized.net//images/wappen/head/468.png?lm=1485262132
239,583,Paris Saint-Germain Football Club,Parc des Princes,24,23.7,15,17,https://tmssl.akamaized.net//images/wappen/head/583.png?lm=1728026461
240,621,Athletic Club Bilbao,San Mamés,23,27.5,1,5,https://tmssl.akamaized.net//images/wappen/head/621.png?lm=1695069038
241,65,SpVgg Greuther Fürth,Sportpark Ronhof | Thomas Sommer,28,24.0,11,2,https://tmssl.akamaized.net//images/wappen/head/65.png?lm=1503682935
242,6646,Fatih Karagümrük,Atatürk Olimpiyat,25,23.0,7,0,https://tmssl.akamaized.net//images/wappen/head/6646.png?lm=1441625196
243,677,Ipswich Town Football Club,Portman Road,29,26.9,15,13,https://tmssl.akamaized.net//images/wappen/head/677.png?lm=1407655249
244,683,Olympiakos Syndesmos Filathlon Peiraios,Stadio Georgios Karaiskakis,26,26.4,18,10,https://tmssl.akamaized.net//images/wappen/head/683.png?lm=1717764764
245,723,Almere City Football Club,Yanmar Stadion,28,26.1,21,7,
246,855,EA Guingamp,Stade du Roudourou,27,25.4,7,1,https://tmssl.akamaized.net//images/wappen/head/855.png?lm=1669659728
247,924,Istanbulspor,Esenyurt Necmi Kadıoğlu Stadyumu,32,23.7,11,3,https://tmssl.akamaized.net//images/wappen/head/924.png?lm=1442723454
248,968,Koninklijke Voetbal Club Westerlo,Het Kuipje,30,24.6,20,5,https://tmssl.akamaized.net//images/wappen/head/968.png?lm=1715694370
249,985,Manchester United Football Club,Old Trafford,26,26.4,18,19,https://tmssl.akamaized.net//images/wappen/head/985.png?lm=1457975903
250,11282,Alanyaspor,Gain Park Stadyumu,24,26.8,11,5,https://tmssl.akamaized.net//images/wappen/head/11282.png?lm=1489273987
251,1132,Burnley FC,Turf Moor,28,24.8,18,8,https://tmssl.akamaized.net//images/wappen/head/1132.png?lm=1686818840
252,1435,Go Ahead Eagles,De Adelaarshorst,24,24.4,12,2,https://tmssl.akamaized.net//images/wappen/head/1435.png?lm=1540316767
253,150,Real Betis Balompié S.A.D.,Benito Villamarín,25,28.2,12,6,https://tmssl.akamaized.net//images/wappen/head/150.png?lm=1663358526
254,152,Samsunspor,Samsun Yeni 19 Mayıs,27,26.4,12,6,https://tmssl.akamaized.net//images/wappen/head/152.png?lm=1730130873
255,172,Royal Charleroi Sporting Club,Stade du Pays de Charleroi,26,24.4,17,5,https://tmssl.akamaized.net//images/wappen/head/172.png?lm=1448474590
256,18303,FC Oleksandriya,KSK Nika,29,26.3,5,1,https://tmssl.akamaized.net//images/wappen/head/18303.png?lm=1612285426
257,2410,PFK CSKA Moskva,VEB Arena,25,25.4,12,9,https://tmssl.akamaized.net//images/wappen/head/2410.png?lm=1409222667
258,2503,Boavista Futebol Clube,Estádio do Bessa Século XXI,34,26.4,19,4,https://tmssl.akamaized.net//images/wappen/head/2503.png?lm=1480959207
259,26459,NK Veres Rivne,Stadion Avangard (2022),22,26.0,5,1,https://tmssl.akamaized.net//images/wappen/head/26459.png?lm=1638990932
260,2671,PAS Giannina,Stadio Zosimades,21,23.8,7,0,https://tmssl.akamaized.net//images/wappen/head/2671.png?lm=1623427611
261,2700,Anzhi Makhachkala ( -2022),RDYuSSh MinObrNauki RD Politekh Makhachkala,0,,0,0,https://tmssl.akamaized.net//images/wappen/head/2700.png?lm=1573974086
262,28095,FK Ufa,Neftyanik,26,24.4,3,0,https://tmssl.akamaized.net//images/wappen/head/28095.png?lm=1597434485
263,2999,Hamilton Academical FC,Fountain of Youth Stadium,28,22.8,9,0,https://tmssl.akamaized.net//images/wappen/head/2999.png?lm=1416263000
264,3368,Levante UD,Ciutat de València,23,27.5,6,0,https://tmssl.akamaized.net//images/wappen/head/3368.png?lm=1408655062
265,338,Futbolniy Klub Dynamo Kyiv,Valeriy Lobanovsky Stadion,28,25.2,2,9,https://tmssl.akamaized.net//images/wappen/head/338.png?lm=1442954715
266,371,The Celtic Football Club,Celtic Park,25,27.2,19,15,https://tmssl.akamaized.net//images/wappen/head/371.png?lm=1403615766
267,506,Juventus Football Club,Allianz Stadium,27,25.4,20,19,https://tmssl.akamaized.net//images/wappen/head/506.png?lm=1626441487
268,618,Association sportive de Saint-Étienne Loire,Stade Geoffroy-Guichard,27,26.8,12,4,https://tmssl.akamaized.net//images/wappen/head/618.png?lm=1658260152
269,6992,ZAO FK Chornomorets Odessa,Stadion Chornomorets (2011),36,24.4,12,3,
270,75231,Dinamo Makhachkala,Anzhi-Arena,25,24.4,8,5,https://tmssl.akamaized.net//images/wappen/head/75231.png?lm=1625214744
271,820,Genclerbirligi Ankara,Eryaman Stadyumu,34,26.1,10,1,https://tmssl.akamaized.net//images/wappen/head/820.png?lm=1721314834
272,1083,FK Rostov,Rostov Arena,26,25.1,8,9,https://tmssl.akamaized.net//images/wappen/head/1083.png?lm=1604130993
273,1095,ESTAC Troyes,Stade de l'Aube,29,23.1,16,5,https://tmssl.akamaized.net//images/wappen/head/1095.png?lm=1599945497
274,121,FK Dinamo Moskva,VTB-Arena,25,26.1,14,11,https://tmssl.akamaized.net//images/wappen/head/121.png?lm=1597937447
275,1420,Angers Sporting Club de l'Ouest,Stade Raymond Kopa,28,26.9,16,7,https://tmssl.akamaized.net//images/wappen/head/1420.png?lm=1687525425
276,16245,FK Sevastopol (- 2014),SK Sevastopol,0,,0,0,https://tmssl.akamaized.net//images/wappen/head/16245.png?lm=1457444210
277,22110,FC Helsingör,Helsingør Ny Stadion,23,24.6,4,1,https://tmssl.akamaized.net//images/wappen/head/22110.png?lm=1595872818
278,23826,RasenBallsport Leipzig,Red Bull Arena,26,25.1,19,17,https://tmssl.akamaized.net//images/wappen/head/23826.png?lm=1619431624
279,24245,Ümraniyespor,Ümraniye Belediyesi Şehir Stadı,12,25.8,3,1,https://tmssl.akamaized.net//images/wappen/head/24245.png?lm=1441727881
280,2687,Cádiz CF,Nuevo Mirandilla,26,28.7,6,2,https://tmssl.akamaized.net//images/wappen/head/2687.png?lm=1683542431
281,2696,PFK Krylya Sovetov Samara,Solidarnost Samara Arena,29,26.9,8,5,https://tmssl.akamaized.net//images/wappen/head/2696.png?lm=1658044381
282,2919,Associazione Calcio Monza,Brianteo,31,26.4,11,3,https://tmssl.akamaized.net//images/wappen/head/2919.png?lm=1562072734
283,317,Football Club Twente,De Grolsch Veste,25,25.5,13,4,https://tmssl.akamaized.net//images/wappen/head/317.png?lm=1610789581
284,3209,Pendikspor,Pendik Stadı,30,28.4,6,1,https://tmssl.akamaized.net//images/wappen/head/3209.png?lm=1420048508
285,339,Dnipro Dnipropetrovsk (-2020),Meteor,0,,0,0,https://tmssl.akamaized.net//images/wappen/head/339.png?lm=1411058621
286,3524,Clermont Foot 63,Stade Gabriel-Montpied,30,23.9,18,5,https://tmssl.akamaized.net//images/wappen/head/3524.png?lm=1625739356
287,398,Società Sportiva Lazio S.p.A.,Olimpico di Roma,31,26.4,22,13,https://tmssl.akamaized.net//images/wappen/head/398.png?lm=1601537785
288,4171,Benevento Calcio,Ciro Vigorito,31,26.7,16,2,https://tmssl.akamaized.net//images/wappen/head/4171.png?lm=1434444046
289,418,Real Madrid Club de Fútbol,Santiago Bernabéu,23,27.3,17,19,https://tmssl.akamaized.net//images/wappen/head/418.png?lm=1729684474
290,49702,FK Nizhny Novgorod,Nizhny Novgorod Stadium,25,25.4,6,1,https://tmssl.akamaized.net//images/wappen/head/49702.png?lm=1698688936
291,54189,RWD Molenbeek,Edmond Machtensstadion,23,23.2,15,3,https://tmssl.akamaized.net//images/wappen/head/54189.png?lm=1693257915
292,6574,US Sassuolo,Mapei Stadium - Città del Tricolore,32,23.8,11,7,https://tmssl.akamaized.net//images/wappen/head/6574.png?lm=1724146130
293,7179,CD Tondela,Estádio João Cardoso,26,22.8,12,2,https://tmssl.akamaized.net//images/wappen/head/7179.png?lm=1506427804
294,720,Futebol Clube do Porto,Estádio do Dragão,26,25.2,14,9,https://tmssl.akamaized.net//images/wappen/head/720.png?lm=1486310161
295,738,Le Havre Athletic Club,Stade Océane,27,26.3,15,3,https://tmssl.akamaized.net//images/wappen/head/738.png?lm=1408780648
296,89,1. Fußballclub Union Berlin,Stadion An der Alten Försterei,27,27.6,15,6,https://tmssl.akamaized.net//images/wappen/head/89.png?lm=1402956210
297,940,Real Club Celta de Vigo S. A. D.,Abanca Balaídos,24,26.9,6,4,
298,1387,Siena FC,Artemio Franchi,20,25.5,2,0,https://tmssl.akamaized.net//images/wappen/head/1387.png?lm=1725874219
299,1390,Cagliari Calcio,Unipol Domus,24,27.1,11,8,https://tmssl.akamaized.net//images/wappen/head/1390.png?lm=1626441409
300,1416,Amiens SC,Stade Crédit Agricole la Licorne,24,24.1,10,7,https://tmssl.akamaized.net//images/wappen/head/1416.png?lm=1688037499
301,1467,Göztepe Sportif Yatırımlar A.Ş.,Gürsel Aksel Stadyumu,27,25.7,15,3,https://tmssl.akamaized.net//images/wappen/head/1467.png?lm=1441199242
302,167,Fußball-Club Augsburg 1907,WWK ARENA,27,26.3,17,9,https://tmssl.akamaized.net//images/wappen/head/167.png?lm=1656582897
303,232,FK Spartak Moskva,Lukoil Arena,24,27.0,13,12,https://tmssl.akamaized.net//images/wappen/head/232.png?lm=1645543288
304,2420,Vitória Sport Clube,Estádio D. Afonso Henriques,26,26.2,13,5,https://tmssl.akamaized.net//images/wappen/head/2420.png?lm=1432894021
305,2424,Gil Vicente Futebol Clube,Estádio Cidade de Barcelos,26,25.6,19,4,https://tmssl.akamaized.net//images/wappen/head/2424.png?lm=1624283300
306,2439,Kuban Krasnodar (-2018),Kuban Stadium,0,,0,0,https://tmssl.akamaized.net//images/wappen/head/2439.png?lm=1403478130
307,2703,Spartak Vladikavkaz (-2020),Republican Stadium Spartak,0,,0,0,https://tmssl.akamaized.net//images/wappen/head/2703.png?lm=1563023502
308,289,Sunderland AFC,Stadium of Light,26,23.5,12,6,https://tmssl.akamaized.net//images/wappen/head/289.png?lm=1485645633
309,2921,Delfino Pescara 1936,Adriatico,28,24.6,6,1,https://tmssl.akamaized.net//images/wappen/head/2921.png?lm=1517054151
310,3,1.FC Köln,RheinEnergieSTADION,34,24.6,11,6,https://tmssl.akamaized.net//images/wappen/head/3.png?lm=1656580823
311,3719,FK Khimki,Arena Khimki,24,27.3,11,3,https://tmssl.akamaized.net//images/wappen/head/3719.png?lm=1536858311
312,3729,Arsenal Tula,Arsenal,27,27.4,2,1,https://tmssl.akamaized.net//images/wappen/head/3729.png?lm=1408774122
313,3840,Adana Demirspor Kulübü,Yeni Adana Stadyumu,24,23.1,6,3,https://tmssl.akamaized.net//images/wappen/head/3840.png?lm=1442129502
314,430,Associazione Calcio Fiorentina,Artemio Franchi,25,25.8,10,10,https://tmssl.akamaized.net//images/wappen/head/430.png?lm=1722844765
315,4482,Volyn Lutsk,Stadion Avangard,0,,0,0,https://tmssl.akamaized.net//images/wappen/head/4482.png?lm=1420985777
316,48726,FC Rukh Lviv,Arena Lviv,26,22.8,4,1,https://tmssl.akamaized.net//images/wappen/head/48726.png?lm=1575994146
317,5,Associazione Calcio Milan,Giuseppe Meazza,26,26.2,20,14,https://tmssl.akamaized.net//images/wappen/head/5.png?lm=1605166627
318,512,Stoke City,bet365 Stadium,24,26.7,9,6,https://tmssl.akamaized.net//images/wappen/head/512.png?lm=1472243727
319,5818,Hobro IK,DS Arena,22,24.8,4,2,https://tmssl.akamaized.net//images/wappen/head/5818.png?lm=1518120161
320,60949,Volou Neos Podosferikos Syllogos,Panthessaliko Stadio,28,27.6,15,2,https://tmssl.akamaized.net//images/wappen/head/60949.png?lm=1727266333
321,678,Aarhus Gymnastik Forening,Ceres Park Vejlby,24,27.4,10,1,
322,7775,Hatayspor Futbol Kulübü,Mersin Stadyumu,24,26.0,12,5,https://tmssl.akamaized.net//images/wappen/head/7775.png?lm=1441723606
323,826,Racing Club de Lens,Stade Bollaert-Delelis,26,26.8,17,10,https://tmssl.akamaized.net//images/wappen/head/826.png?lm=1595457059
324,8838,Zirka Kropyvnytskyi,Zirka,7,27.4,0,0,https://tmssl.akamaized.net//images/wappen/head/8838.png?lm=1472073819
325,897,Deportivo de La Coruña,Abanca Riazor,24,27.7,3,0,https://tmssl.akamaized.net//images/wappen/head/897.png?lm=1563373966
326,987,Motherwell Football Club,Fir Park,34,25.9,24,6,https://tmssl.akamaized.net//images/wappen/head/987.png?lm=1632586564
327,1063,Viborg Fodsports Forening,Viborg Stadion,25,23.8,12,3,https://tmssl.akamaized.net//images/wappen/head/1063.png?lm=1518117799
328,1085,Vitória Setúbal FC,Estádio do Bonfim,29,26.0,10,0,
329,11,Arsenal Football Club,Emirates Stadium,24,26.8,18,19,https://tmssl.akamaized.net//images/wappen/head/11.png?lm=1489787850
330,126,Çaykur Rizespor Kulübü,Çaykur Didi,25,25.7,13,8,https://tmssl.akamaized.net//images/wappen/head/126.png?lm=1443714784
331,1627,Catania FC,Cibali - Angelo Massimino,27,26.0,5,0,https://tmssl.akamaized.net//images/wappen/head/1627.png?lm=1692861464
332,16795,Granada CF,Nuevo Los Cármenes,24,26.1,8,4,
333,204,Lierse SK (- 2018),Herman Vanderpoortenstadion,0,,0,0,https://tmssl.akamaized.net//images/wappen/head/204.png?lm=1448474775
334,2227,SK Tavriya Simferopol ( - 2022),RS Lokomotiv,0,,0,0,https://tmssl.akamaized.net//images/wappen/head/2227.png?lm=1632315521
335,2239,US Cremonese,Giovanni Zini,29,25.4,9,2,https://tmssl.akamaized.net//images/wappen/head/2239.png?lm=1501770762
336,252,Genoa Cricket and Football Club,Luigi Ferraris,29,26.5,18,6,https://tmssl.akamaized.net//images/wappen/head/252.png?lm=1655305880
337,281,Manchester City Football Club,Etihad Stadium,28,26.7,21,21,https://tmssl.akamaized.net//images/wappen/head/281.png?lm=1467356331
338,3302,UD Almería,Power Horse Stadium,24,25.2,13,5,https://tmssl.akamaized.net//images/wappen/head/3302.png?lm=1736335439
339,39,1. Fußball- und Sportverein Mainz 05,Mewa Arena,24,27.1,10,7,https://tmssl.akamaized.net//images/wappen/head/39.png?lm=1564748880
340,3999,PAS Lamia 1964,"Stadio Lamia ""Athanasios Diakos""",29,26.4,14,1,https://tmssl.akamaized.net//images/wappen/head/3999.png?lm=1715721886
341,405,Aston Villa Football Club,Villa Park,24,27.6,16,15,https://tmssl.akamaized.net//images/wappen/head/405.png?lm=1717155982
342,441,Apollon Smyrnis,Stadio Neas Smyrnis,27,27.3,15,0,https://tmssl.akamaized.net//images/wappen/head/441.png?lm=1413800314
343,5219,AOK Kerkyra,Ethniko Stadio Kerkyras,8,28.1,1,0,https://tmssl.akamaized.net//images/wappen/head/5219.png?lm=1741444147
344,543,Wolverhampton Wanderers Football Club,Molineux Stadium,31,26.4,27,15,https://tmssl.akamaized.net//images/wappen/head/543.png?lm=1467496784
345,60,Sport-Club Freiburg,Europa-Park Stadion,27,27.4,12,6,https://tmssl.akamaized.net//images/wappen/head/60.png?lm=1517249279
346,61825,FC Minaj,Minaj-Arena,25,23.6,1,0,https://tmssl.akamaized.net//images/wappen/head/61825.png?lm=1598035237
347,63007,LNZ Cherkasy,Cherkasy-Arena,26,25.8,11,3,https://tmssl.akamaized.net//images/wappen/head/63007.png?lm=1616575460
348,660,FC Shakhtar Donetsk,Arena Lviv,31,23.8,13,11,https://tmssl.akamaized.net//images/wappen/head/660.png?lm=1396275305
349,6894,Kayseri Erciyesspor,Kayseri Atatürk Spor Kompleksi Yan Açık Saha,0,,0,0,https://tmssl.akamaized.net//images/wappen/head/6894.png?lm=1444097883
350,6912,FC Vizela,Estádio do Vizela,27,24.6,20,3,https://tmssl.akamaized.net//images/wappen/head/6912.png?lm=1700587516
351,714,Reial Club Deportiu Espanyol de Barcelona S.A.D.,RCDE Stadium,28,26.1,8,3,https://tmssl.akamaized.net//images/wappen/head/714.png?lm=1406966369
352,798,Excelsior Rotterdam,Van Donge & De Roo Stadion - Woudestein,25,22.2,8,1,https://tmssl.akamaized.net//images/wappen/head/798.png?lm=1626701001
353,862,Chievo Verona,Marcantonio Bentegodi,0,,0,0,https://tmssl.akamaized.net//images/wappen/head/862.png?lm=1730983190
354,8970,Frosinone Calcio,Benito Stirpe,31,23.8,15,5,https://tmssl.akamaized.net//images/wappen/head/8970.png?lm=1438547543
355,9007,Arsenal Kyiv,NSK Olimpisky,0,,0,0,https://tmssl.akamaized.net//images/wappen/head/9007.png?lm=1714128133
356,12321,Girona Fútbol Club S. A. D.,Montilivi,26,27.5,15,6,https://tmssl.akamaized.net//images/wappen/head/12321.png?lm=1730455718
357,1241,Livingston FC,Home of the Set Fare Arena,25,26.9,16,0,https://tmssl.akamaized.net//images/wappen/head/1241.png?lm=1422899840
358,127,SC Paderborn 07,Home Deluxe Arena,26,25.7,5,1,https://tmssl.akamaized.net//images/wappen/head/127.png?lm=1532010365
359,19,Brescia Calcio,Mario Rigamonti,28,25.1,12,1,https://tmssl.akamaized.net//images/wappen/head/19.png?lm=1511961167
360,23,Eintracht Braunschweig,EINTRACHT-Stadion,30,25.6,11,2,https://tmssl.akamaized.net//images/wappen/head/23.png?lm=1545376138
361,33,FC Schalke 04,Veltins-Arena,27,26.4,12,4,https://tmssl.akamaized.net//images/wappen/head/33.png?lm=1656580846
362,350,Sheffield United,Bramall Lane,28,24.2,11,5,https://tmssl.akamaized.net//images/wappen/head/350.png?lm=1409254138
363,3592,FK Kryvbas Kryvyi Rig,Girnyk,27,24.6,11,3,https://tmssl.akamaized.net//images/wappen/head/3592.png?lm=1636730619
364,369,Lyngby Boldklubben af 1921,Lyngby Stadion,27,25.6,8,1,https://tmssl.akamaized.net//images/wappen/head/369.png?lm=1718025262
365,3725,RFK Akhmat Grozny,Akhmat-Arena,27,27.9,11,6,https://tmssl.akamaized.net//images/wappen/head/3725.png?lm=1497737399
366,41201,PFK Tambov (-2021),Mordovia Arena,0,,0,0,https://tmssl.akamaized.net//images/wappen/head/41201.png?lm=1596729944
367,472,Unión Deportiva Las Palmas S.A.D.,Estadio de Gran Canaria,25,27.5,9,2,https://tmssl.akamaized.net//images/wappen/head/472.png?lm=1407484865
368,520,Cercle Brugge Koninklijke Sportvereniging,Jan Breydelstadion,30,23.1,19,7,https://tmssl.akamaized.net//images/wappen/head/520.png?lm=1713864588
369,6418,Panetolikos Agrinio,Gipedo Panetolikou,29,25.3,12,2,https://tmssl.akamaized.net//images/wappen/head/6418.png?lm=1714253574
370,653,Omilos Filathlon Irakliou FC,Gipedo Theodoros Vardinogiannis,33,26.1,15,4,https://tmssl.akamaized.net//images/wappen/head/653.png?lm=1597434188
371,6994,Metalurg Zaporizhya (-2016),Slavutych Arena,0,,0,0,https://tmssl.akamaized.net//images/wappen/head/6994.png?lm=1420985692
372,7378,Portimonense SC,Estádio Municipal de Portimão,35,23.3,27,2,https://tmssl.akamaized.net//images/wappen/head/7378.png?lm=1665922885
373,9010,FC Verbroedering Denderhoutem Denderleeuw Eendracht Hekelgem,Dender Football Complex,29,25.9,12,2,https://tmssl.akamaized.net//images/wappen/head/9010.png?lm=1449921839
374,982,Clube Desportivo Nacional,Estádio da Madeira,29,26.7,19,0,https://tmssl.akamaized.net//images/wappen/head/982.png?lm=1549988602
375,1005,Unione Sportiva Lecce,Ettore Giardiniero,34,24.9,29,8,https://tmssl.akamaized.net//images/wappen/head/1005.png?lm=1689169528
376,1038,UC Sampdoria,Luigi Ferraris,33,24.3,5,4,https://tmssl.akamaized.net//images/wappen/head/1038.png?lm=1520934353
377,1091,Panthessalonikios Athlitikos Omilos Konstantinoupoliton,Toumba Stadium,31,29.0,24,11,https://tmssl.akamaized.net//images/wappen/head/1091.png?lm=1562577576
378,110302,Avs - Futebol SAD,Estádio do Clube Desportivo das Aves,28,28.4,20,4,https://tmssl.akamaized.net//images/wappen/head/110302.png?lm=1698968034
379,1210,US Livorno 1915,Armando Picchi,29,24.1,5,0,https://tmssl.akamaized.net//images/wappen/head/1210.png?lm=1671177526
380,1245,KAS Eupen,Kehrweg-Stadion,25,24.0,16,6,https://tmssl.akamaized.net//images/wappen/head/1245.png?lm=1464260524
381,1426,VVV-Venlo,Covebo Stadion - De Koel,28,22.9,7,0,https://tmssl.akamaized.net//images/wappen/head/1426.png?lm=1610790350
382,1533,SD Eibar,Ipurua,26,28.3,5,0,https://tmssl.akamaized.net//images/wappen/head/1533.png?lm=1722693682
383,180,Southampton Football Club,St Mary's Stadium,30,26.1,17,10,https://tmssl.akamaized.net//images/wappen/head/180.png?lm=1444560086
384,19657,Vendsyssel FF,Nord Energi Arena,24,25.1,7,0,https://tmssl.akamaized.net//images/wappen/head/19657.png?lm=1437861900
385,234,Feyenoord Rotterdam,"Stadion Feyenoord ""De Kuip""",33,24.3,21,13,https://tmssl.akamaized.net//images/wappen/head/234.png?lm=1721654567
386,2375,Altay SK,Alsancak Mustafa Denizli Stadı,31,25.3,3,0,https://tmssl.akamaized.net//images/wappen/head/2375.png?lm=1624497193
387,2448,Sporting Gijón,El Molinón - Enrique Castro Quini,28,26.2,10,2,https://tmssl.akamaized.net//images/wappen/head/2448.png?lm=1693991414
388,2741,Baltika Kaliningrad,Rostec Arena,27,24.2,6,2,https://tmssl.akamaized.net//images/wappen/head/2741.png?lm=1673959895
389,2783,Metalurg Donetsk (- 2015),Metalurg,0,,0,0,https://tmssl.akamaized.net//images/wappen/head/2783.png?lm=1420985966
390,3205,Kayserispor Kulübü,RHG Enertürk Enerji Stadyumu,28,27.3,13,3,https://tmssl.akamaized.net//images/wappen/head/3205.png?lm=1520239955
391,3349,CD Feirense,Estádio Marcolino de Castro,24,25.0,11,2,https://tmssl.akamaized.net//images/wappen/head/3349.png?lm=1469968627
392,3385,Panserraikos Serres,Dimotiko Gipedo Serron,38,25.4,18,2,https://tmssl.akamaized.net//images/wappen/head/3385.png?lm=1724073434
393,368,Sevilla Fútbol Club S.A.D.,Ramón Sánchez-Pizjuán,23,26.1,13,8,https://tmssl.akamaized.net//images/wappen/head/368.png?lm=1730896593
394,38,Fortuna Düsseldorf,MERKUR SPIEL-ARENA,29,25.9,12,2,https://tmssl.akamaized.net//images/wappen/head/38.png?lm=1405514004
395,3948,Royale Union Saint-Gilloise,Stade Joseph Mariën,26,25.1,19,7,https://tmssl.akamaized.net//images/wappen/head/3948.png?lm=1624390507
396,415,Toulouse Football Club,Stadium Municipal,25,24.9,17,10,https://tmssl.akamaized.net//images/wappen/head/415.png?lm=1740065124
397,416,Torino Calcio,Olimpico Grande Torino,29,26.8,24,15,https://tmssl.akamaized.net//images/wappen/head/416.png?lm=1438548174
398,417,Olympique Gymnaste Club Nice Côte d'Azur,Allianz Riviera,27,26.2,17,12,https://tmssl.akamaized.net//images/wappen/head/417.png?lm=1408779490
399,44,Hertha BSC,Olympiastadion Berlin,36,24.1,14,7,https://tmssl.akamaized.net//images/wappen/head/44.png?lm=1656580875
400,467,Nijmegen Eendracht Combinatie,Goffertstadion,28,25.3,11,2,https://tmssl.akamaized.net//images/wappen/head/467.png?lm=1460302949
401,53646,FK Polissya Zhytomyr,Tsentralnyi Polissya,27,25.4,13,4,https://tmssl.akamaized.net//images/wappen/head/53646.png?lm=1718547005
402,631,Chelsea Football Club,Stamford Bridge,30,23.6,18,14,https://tmssl.akamaized.net//images/wappen/head/631.png?lm=1682435911
403,7160,Eyüp Spor Kulübü,Recep Tayyip Erdoğan Stadyumu,29,28.5,8,3,https://tmssl.akamaized.net//images/wappen/head/7160.png?lm=1441816214
404,749,Empoli Football Club S.r.l.,Carlo Castellani,28,26.3,16,4,https://tmssl.akamaized.net//images/wappen/head/749.png?lm=1626441481
405,833,Denizlispor,Denizli Atatürk Stadı,27,25.8,3,1,https://tmssl.akamaized.net//images/wappen/head/833.png?lm=1415444729
406,865,Fodbold Club Midtjylland,MCH Arena,26,24.7,19,8,https://tmssl.akamaized.net//images/wappen/head/865.png?lm=1739215168
407,10,Arminia Bielefeld,SchücoArena,27,25.3,15,4,https://tmssl.akamaized.net//images/wappen/head/10.png?lm=1629204733
408,10484,Kasımpaşa Spor Kulübü,Recep Tayyip Erdoğan Stadyumu,30,25.9,14,5,https://tmssl.akamaized.net//images/wappen/head/10484.png?lm=1408653850
409,1049,Valencia Club de Fútbol S. A. D.,Mestalla,26,25.9,9,5,https://tmssl.akamaized.net//images/wappen/head/1049.png?lm=1406966320
410,1053,Aalborg Boldspilklub,Aalborg Portland Park,25,23.3,14,2,https://tmssl.akamaized.net//images/wappen/head/1053.png?lm=1518117565
411,1075,Sporting Clube de Braga,Estádio Municipal de Braga,25,24.9,15,1,https://tmssl.akamaized.net//images/wappen/head/1075.png?lm=1432893871
412,1269,Prins Hendrik Ende Desespereert Nimmer Combinatie Zwolle,MAC³PARK stadion,26,25.1,12,5,https://tmssl.akamaized.net//images/wappen/head/1269.png?lm=1610790473
413,132,Nooit Opgeven Altijd Doorzetten Aangenaam Door Vermaak En Nuttig Door Ontspanning Combinatie Breda,Rat Verlegh Stadion,30,25.3,18,5,https://tmssl.akamaized.net//images/wappen/head/132.png?lm=1667313213
414,2292,Elazigspor,Elazığ Stadyumu,28,25.3,0,0,https://tmssl.akamaized.net//images/wappen/head/2292.png?lm=1442154052
415,27,FC Bayern München,Allianz Arena,26,27.7,15,17,
416,2759,Ross County Football Club,Global Energy Stadium,24,25.6,19,3,https://tmssl.akamaized.net//images/wappen/head/2759.png?lm=1411570059
417,2778,Fodbold Club Nordsjælland,Right to Dream Park,27,22.9,15,4,https://tmssl.akamaized.net//images/wappen/head/2778.png?lm=1564262814
418,29,Everton Football Club,Goodison Park,25,27.9,15,11,https://tmssl.akamaized.net//images/wappen/head/29.png?lm=1445949846
419,290,Association de la Jeunesse auxerroise,Stade de l'Abbé-Deschamps,28,25.3,17,9,https://tmssl.akamaized.net//images/wappen/head/290.png?lm=1635851977
420,30120,AE Kifisias,"Gipedo Kesarianis ""Michalis Kritikopoulos""",26,26.1,10,0,https://tmssl.akamaized.net//images/wappen/head/30120.png?lm=1718972608
421,306,Sportclub Heerenveen,Abe Lenstra Stadion,30,24.3,17,5,https://tmssl.akamaized.net//images/wappen/head/306.png?lm=1655978084
422,3062,Athens Kallithea Football Club,Apostolos Nikolaidis,29,28.3,17,3,https://tmssl.akamaized.net//images/wappen/head/3062.png?lm=1664818473
423,3268,Casa Pia Atlético Clube,Estádio Municipal de Rio Maior,28,26.3,16,4,https://tmssl.akamaized.net//images/wappen/head/3268.png?lm=1742856850
424,347,FC Metz,Stade Saint-Symphorien,26,25.0,19,7,https://tmssl.akamaized.net//images/wappen/head/347.png?lm=1625391843
425,3714,Enisey Krasnoyarsk,Zentralstadion Krasnoyarsk,26,25.6,2,1,https://tmssl.akamaized.net//images/wappen/head/3714.png?lm=1720945062
426,399,Leeds United,Elland Road,27,24.6,18,9,https://tmssl.akamaized.net//images/wappen/head/399.png?lm=1645652224
427,4083,FC Crotone,Ezio Scida,25,27.0,6,1,https://tmssl.akamaized.net//images/wappen/head/4083.png?lm=1520933356
428,465,Saint Mirren Football Club,The SMISA Stadium,25,26.2,18,5,https://tmssl.akamaized.net//images/wappen/head/465.png?lm=1411207682
429,48332,FK Kolos Kovalivka,Kolos,26,25.6,6,2,https://tmssl.akamaized.net//images/wappen/head/48332.png?lm=1546026029
430,533,Turn- und Sportgemeinschaft 1899 Hoffenheim Fußball-Spielbetriebs,PreZero Arena,33,26.0,22,12,https://tmssl.akamaized.net//images/wappen/head/533.png?lm=1675591766
431,58,Royal Sporting Club Anderlecht,Lotto Park,28,25.2,15,8,https://tmssl.akamaized.net//images/wappen/head/58.png?lm=1718695206
432,607,Venezia Football Club,Pier Luigi Penzo,30,26.2,23,10,https://tmssl.akamaized.net//images/wappen/head/607.png?lm=1657392944
433,68608,CF Os Belenenses,Estádio do Restelo,30,25.7,5,0,https://tmssl.akamaized.net//images/wappen/head/68608.png?lm=1549897757
434,724,FC Volendam,Kras Stadion,25,23.4,6,2,https://tmssl.akamaized.net//images/wappen/head/724.png?lm=1407649576
435,800,Atalanta Bergamasca Calcio S.p.a.,Gewiss Stadium,26,27.7,14,18,https://tmssl.akamaized.net//images/wappen/head/800.png?lm=1438547428
436,85465,FK Karpaty Lviv,Ukraina,29,25.5,7,2,
437,979,Moreirense Futebol Clube,Estádio C. J. de Almeida Freitas,26,26.3,17,3,https://tmssl.akamaized.net//images/wappen/head/979.png?lm=1552324606
438,984,West Bromwich Albion,The Hawthorns,25,27.8,8,4,
